ligand,receptor,source,target,ligand_expr,receptor_expr,lr_score
SPP1,CD44,Myeloid/Macro,Mast cell,1.4034,2.5294,3.5498
SPP1,CD44,Myeloid/Macro,Myeloid/Macro,1.4034,1.8359,2.5765
SPP1,CD44,Myeloid/Macro,Unknown,1.4034,1.8285,2.5661
SPP1,CD44,Myeloid/Macro,T cell,1.4034,1.7726,2.4877
SPP1,CD44,Myeloid/Macro,NK cell,1.4034,1.7159,2.4082
SPP1,CD44,Myeloid/Macro,Dendritic cell,1.4034,1.5394,2.1605
SPP1,CD44,Myeloid/Macro,B cell,1.4034,1.4613,2.0509
TGFB1,TGFBR2,NK cell,Endothelial,1.832,1.082,1.9823
SPP1,CD44,Myeloid/Macro,Fibroblast,1.4034,1.2495,1.7536
TGFB1,TGFBR2,T cell,Endothelial,1.4902,1.082,1.6125
SPP1,CD44,Myeloid/Macro,Plasma cell,1.4034,1.1263,1.5807
TGFB1,TGFBR2,Unknown,Endothelial,1.4415,1.082,1.5597
TGFB1,TGFBR2,Myeloid/Macro,Endothelial,1.1381,1.082,1.2315
TGFB1,TGFBR2,Endothelial,Endothelial,1.0881,1.082,1.1773
TGFB1,TGFBR2,Mast cell,Endothelial,1.0175,1.082,1.1009
TGFB1,TGFBR2,NK cell,Unknown,1.832,0.5723,1.0484
TGFB1,TGFBR2,B cell,Endothelial,0.939,1.082,1.016
VEGFA,FLT1,Mast cell,Endothelial,1.1046,0.8809,0.973
TGFB1,TGFBR2,NK cell,T cell,1.832,0.5283,0.9678
TGFB1,TGFBR2,Plasma cell,Endothelial,0.8928,1.082,0.966
SPP1,CD44,Myeloid/Macro,Endothelial,1.4034,0.6842,0.9602
TGFB1,TGFBR2,T cell,Unknown,1.4902,0.5723,0.8528
SPP1,CD44,Myeloid/Macro,Tumor epithelial,1.4034,0.6047,0.8487
TGFB1,TGFBR2,Unknown,Unknown,1.4415,0.5723,0.8249
TGFB1,TGFBR2,NK cell,Fibroblast,1.832,0.4485,0.8217
SPP1,CD44,Dendritic cell,Mast cell,0.3228,2.5294,0.8164
TGFB1,TGFBR2,T cell,T cell,1.4902,0.5283,0.7873
TGFB1,TGFBR2,NK cell,NK cell,1.832,0.4224,0.7738
TGFB1,TGFBR2,Dendritic cell,Endothelial,0.7099,1.082,0.7681
TGFB1,TGFBR2,Unknown,T cell,1.4415,0.5283,0.7615
TGFB1,TGFBR2,NK cell,B cell,1.832,0.3957,0.7249
CXCL12,CXCR4,Fibroblast,T cell,0.3063,2.2236,0.681
VEGFA,FLT1,Myeloid/Macro,Endothelial,0.766,0.8809,0.6747
CXCL12,CXCR4,Fibroblast,B cell,0.3063,2.1828,0.6685
TGFB1,TGFBR2,T cell,Fibroblast,1.4902,0.4485,0.6684
TGFB1,TGFBR2,Myeloid/Macro,Unknown,1.1381,0.5723,0.6513
TGFB1,TGFBR2,Fibroblast,Endothelial,0.6014,1.082,0.6508
TGFB1,TGFBR2,Unknown,Fibroblast,1.4415,0.4485,0.6466
CXCL12,CXCR4,Fibroblast,NK cell,0.3063,2.097,0.6422
TGFB1,TGFBR2,T cell,NK cell,1.4902,0.4224,0.6294
TGFB1,TGFBR2,Tumor epithelial,Endothelial,0.5803,1.082,0.6279
TGFB1,TGFBR2,Endothelial,Unknown,1.0881,0.5723,0.6227
TGFB1,TGFBR2,Unknown,NK cell,1.4415,0.4224,0.6089
TGFB1,TGFBR2,Myeloid/Macro,T cell,1.1381,0.5283,0.6013
SPP1,CD44,Dendritic cell,Myeloid/Macro,0.3228,1.8359,0.5926
SPP1,CD44,Dendritic cell,Unknown,0.3228,1.8285,0.5902
TGFB1,TGFBR2,T cell,B cell,1.4902,0.3957,0.5897
TGFB1,TGFBR2,Mast cell,Unknown,1.0175,0.5723,0.5823
TGFB1,TGFBR2,Endothelial,T cell,1.0881,0.5283,0.5748
SPP1,CD44,Plasma cell,Mast cell,0.2266,2.5294,0.5732
SPP1,CD44,Dendritic cell,T cell,0.3228,1.7726,0.5721
CXCL12,CXCR4,Fibroblast,Unknown,0.3063,1.8662,0.5715
TGFB1,TGFBR2,Unknown,B cell,1.4415,0.3957,0.5704
SPP1,CD44,Dendritic cell,NK cell,0.3228,1.7159,0.5539
TGFB1,TGFBR2,Mast cell,T cell,1.0175,0.5283,0.5375
TGFB1,TGFBR2,B cell,Unknown,0.939,0.5723,0.5374
VEGFA,FLT1,Fibroblast,Endothelial,0.6013,0.8809,0.5297
TGFB1,TGFBR2,Plasma cell,Unknown,0.8928,0.5723,0.5109
TGFB1,TGFBR2,Myeloid/Macro,Fibroblast,1.1381,0.4485,0.5105
TGFB1,TGFBR2,NK cell,Dendritic cell,1.832,0.2716,0.4976
SPP1,CD44,Dendritic cell,Dendritic cell,0.3228,1.5394,0.4969
TGFB1,TGFBR2,B cell,T cell,0.939,0.5283,0.4961
TGFB1,TGFBR2,Endothelial,Fibroblast,1.0881,0.4485,0.4881
TGFB1,TGFBR2,NK cell,Myeloid/Macro,1.832,0.2641,0.4838
TGFB1,TGFBR2,Myeloid/Macro,NK cell,1.1381,0.4224,0.4807
SPP1,CD44,Dendritic cell,B cell,0.3228,1.4613,0.4717
TGFB1,TGFBR2,Plasma cell,T cell,0.8928,0.5283,0.4717
TGFB1,TGFBR2,Endothelial,NK cell,1.0881,0.4224,0.4596
TGFB1,TGFBR2,Mast cell,Fibroblast,1.0175,0.4485,0.4564
TGFB1,TGFBR2,Myeloid/Macro,B cell,1.1381,0.3957,0.4503
CXCL12,CXCR4,Fibroblast,Dendritic cell,0.3063,1.4265,0.4369
TGFB1,TGFBR2,Endothelial,B cell,1.0881,0.3957,0.4306
TGFB1,TGFBR2,Mast cell,NK cell,1.0175,0.4224,0.4298
SPP1,CD44,Fibroblast,Mast cell,0.1672,2.5294,0.4229
TGFB1,TGFBR2,B cell,Fibroblast,0.939,0.4485,0.4212
SPP1,CD44,Plasma cell,Myeloid/Macro,0.2266,1.8359,0.4161
SPP1,CD44,Plasma cell,Unknown,0.2266,1.8285,0.4144
TGFB1,TGFBR2,Dendritic cell,Unknown,0.7099,0.5723,0.4063
TGFB1,TGFBR2,T cell,Dendritic cell,1.4902,0.2716,0.4048
SPP1,CD44,Dendritic cell,Fibroblast,0.3228,1.2495,0.4033
TGFB1,TGFBR2,Mast cell,B cell,1.0175,0.3957,0.4026
SPP1,CD44,Plasma cell,T cell,0.2266,1.7726,0.4017
TGFB1,TGFBR2,Plasma cell,Fibroblast,0.8928,0.4485,0.4005
TGFB1,TGFBR2,B cell,NK cell,0.939,0.4224,0.3966
VEGFA,FLT1,Tumor epithelial,Endothelial,0.4498,0.8809,0.3962
TGFB1,TGFBR2,T cell,Myeloid/Macro,1.4902,0.2641,0.3936
TGFB1,TGFBR2,Unknown,Dendritic cell,1.4415,0.2716,0.3915
SPP1,CD44,Plasma cell,NK cell,0.2266,1.7159,0.3889
CXCL12,CXCR4,Fibroblast,Myeloid/Macro,0.3063,1.2691,0.3887
TGFB1,TGFBR2,Unknown,Myeloid/Macro,1.4415,0.2641,0.3807
TGFB1,TGFBR2,Plasma cell,NK cell,0.8928,0.4224,0.3771
TGFB1,TGFBR2,Dendritic cell,T cell,0.7099,0.5283,0.375
TGFB1,TGFBR2,NK cell,Mast cell,1.832,0.2045,0.3747
TGFB1,TGFBR2,B cell,B cell,0.939,0.3957,0.3716
TGFB1,TGFBR2,NK cell,Plasma cell,1.832,0.2018,0.3698
SPP1,CD44,Dendritic cell,Plasma cell,0.3228,1.1263,0.3635
TGFB1,TGFBR2,Plasma cell,B cell,0.8928,0.3957,0.3533
SPP1,CD44,Plasma cell,Dendritic cell,0.2266,1.5394,0.3489
IL6,IL6R,Fibroblast,Myeloid/Macro,0.4471,0.7757,0.3468
TGFB1,TGFBR2,Fibroblast,Unknown,0.6014,0.5723,0.3442
CXCL12,CXCR4,Fibroblast,Plasma cell,0.3063,1.1087,0.3396
TGFB1,TGFBR2,Tumor epithelial,Unknown,0.5803,0.5723,0.3321
SPP1,CD44,Plasma cell,B cell,0.2266,1.4613,0.3312
TGFB1,TGFBR2,Dendritic cell,Fibroblast,0.7099,0.4485,0.3184
TGFB1,TGFBR2,Fibroblast,T cell,0.6014,0.5283,0.3177
CDH1,CDH1,Tumor epithelial,Tumor epithelial,0.5612,0.5612,0.3149
CCL5,CCR5,NK cell,T cell,3.395,0.0921,0.3125
TGFB1,TGFBR2,Myeloid/Macro,Dendritic cell,1.1381,0.2716,0.3091
SPP1,CD44,Fibroblast,Myeloid/Macro,0.1672,1.8359,0.307
TGFB1,TGFBR2,Tumor epithelial,T cell,0.5803,0.5283,0.3066
SPP1,CD44,Fibroblast,Unknown,0.1672,1.8285,0.3057
TGFB1,TGFBR2,T cell,Mast cell,1.4902,0.2045,0.3048
TNF,TNFRSF1A,Dendritic cell,Tumor epithelial,0.4539,0.6641,0.3014
TGFB1,TGFBR2,T cell,Plasma cell,1.4902,0.2018,0.3008
TGFB1,TGFBR2,Myeloid/Macro,Myeloid/Macro,1.1381,0.2641,0.3006
TGFB1,TGFBR2,Dendritic cell,NK cell,0.7099,0.4224,0.2998
SPP1,CD44,Fibroblast,T cell,0.1672,1.7726,0.2964
TGFB1,TGFBR2,Endothelial,Dendritic cell,1.0881,0.2716,0.2956
TGFB1,TGFBR2,Unknown,Mast cell,1.4415,0.2045,0.2948
TGFB1,TGFBR2,Unknown,Plasma cell,1.4415,0.2018,0.291
CD80,CTLA4,Dendritic cell,T cell,0.5365,0.5394,0.2894
TGFB1,TGFBR2,Endothelial,Myeloid/Macro,1.0881,0.2641,0.2874
SPP1,CD44,Fibroblast,NK cell,0.1672,1.7159,0.2869
CXCL12,CXCR4,Fibroblast,Endothelial,0.3063,0.9334,0.2859
SPP1,CD44,Plasma cell,Fibroblast,0.2266,1.2495,0.2832
TGFB1,TGFBR2,Dendritic cell,B cell,0.7099,0.3957,0.2809
TGFB1,TGFBR2,Mast cell,Dendritic cell,1.0175,0.2716,0.2764
TGFB1,TGFBR2,Fibroblast,Fibroblast,0.6014,0.4485,0.2698
TNF,TNFRSF1A,Dendritic cell,Myeloid/Macro,0.4539,0.5924,0.2689
TGFB1,TGFBR2,Mast cell,Myeloid/Macro,1.0175,0.2641,0.2687
CCL5,CCR5,NK cell,Myeloid/Macro,3.395,0.0775,0.2632
SPP1,CD44,Unknown,Mast cell,0.1038,2.5294,0.2626
TGFB1,TGFBR2,Tumor epithelial,Fibroblast,0.5803,0.4485,0.2603
SPP1,CD44,Mast cell,Mast cell,0.1024,2.5294,0.259
TNF,TNFRSF1A,B cell,Tumor epithelial,0.388,0.6641,0.2577
SPP1,CD44,Fibroblast,Dendritic cell,0.1672,1.5394,0.2574
SPP1,CD44,Plasma cell,Plasma cell,0.2266,1.1263,0.2553
TGFB1,TGFBR2,B cell,Dendritic cell,0.939,0.2716,0.2551
TGFB1,TGFBR2,Fibroblast,NK cell,0.6014,0.4224,0.254
CCL5,CCR5,NK cell,NK cell,3.395,0.0733,0.2488
TGFB1,TGFBR2,B cell,Myeloid/Macro,0.939,0.2641,0.248
TNF,TNFRSF1A,NK cell,Tumor epithelial,0.3704,0.6641,0.246
TGFB1,TGFBR2,Tumor epithelial,NK cell,0.5803,0.4224,0.2451
SPP1,CD44,Fibroblast,B cell,0.1672,1.4613,0.2443
TGFB1,TGFBR2,Plasma cell,Dendritic cell,0.8928,0.2716,0.2425
TNF,TNFRSF1A,Dendritic cell,Fibroblast,0.4539,0.5293,0.2403
TGFB1,TGFBR2,Fibroblast,B cell,0.6014,0.3957,0.238
CXCL12,CXCR4,Fibroblast,Fibroblast,0.3063,0.7732,0.2368
TGFB1,TGFBR2,Plasma cell,Myeloid/Macro,0.8928,0.2641,0.2358
TGFB1,TGFBR2,Myeloid/Macro,Mast cell,1.1381,0.2045,0.2328
TNF,TNFRSF1A,B cell,Myeloid/Macro,0.388,0.5924,0.2299
TGFB1,TGFBR2,Myeloid/Macro,Plasma cell,1.1381,0.2018,0.2297
TGFB1,TGFBR2,Tumor epithelial,B cell,0.5803,0.3957,0.2296
SPP1,CD44,Endothelial,Mast cell,0.0889,2.5294,0.2248
TGFB1,TGFBR2,Endothelial,Mast cell,1.0881,0.2045,0.2226
TNF,TNFRSF1A,T cell,Tumor epithelial,0.3347,0.6641,0.2223
SPP1,CD44,Dendritic cell,Endothelial,0.3228,0.6842,0.2208
TGFB1,TGFBR2,Endothelial,Plasma cell,1.0881,0.2018,0.2196
TNF,TNFRSF1A,NK cell,Myeloid/Macro,0.3704,0.5924,0.2194
SPP1,CD44,Fibroblast,Fibroblast,0.1672,1.2495,0.2089
TGFB1,TGFBR2,Mast cell,Mast cell,1.0175,0.2045,0.2081
TGFB1,TGFBR2,Mast cell,Plasma cell,1.0175,0.2018,0.2054
TNF,TNFRSF1A,B cell,Fibroblast,0.388,0.5293,0.2054
TNF,TNFRSF1A,T cell,Myeloid/Macro,0.3347,0.5924,0.1983
TNF,TNFRSF1A,NK cell,Fibroblast,0.3704,0.5293,0.196
SPP1,CD44,Dendritic cell,Tumor epithelial,0.3228,0.6047,0.1952
TGFB1,TGFBR2,Dendritic cell,Dendritic cell,0.7099,0.2716,0.1928
TGFB1,TGFBR2,B cell,Mast cell,0.939,0.2045,0.1921
SPP1,CD44,Tumor epithelial,Mast cell,0.0759,2.5294,0.1919
SPP1,CD44,Unknown,Myeloid/Macro,0.1038,1.8359,0.1906
SPP1,CD44,NK cell,Mast cell,0.0752,2.5294,0.1901
SPP1,CD44,Unknown,Unknown,0.1038,1.8285,0.1899
TGFB1,TGFBR2,B cell,Plasma cell,0.939,0.2018,0.1895
VEGFA,KDR,Mast cell,Endothelial,1.1046,0.1706,0.1885
SPP1,CD44,Fibroblast,Plasma cell,0.1672,1.1263,0.1883
SPP1,CD44,Mast cell,Myeloid/Macro,0.1024,1.8359,0.188
TGFB1,TGFBR2,Dendritic cell,Myeloid/Macro,0.7099,0.2641,0.1875
SPP1,CD44,Mast cell,Unknown,0.1024,1.8285,0.1873
TNF,TNFRSF1A,Unknown,Tumor epithelial,0.2774,0.6641,0.1842
SPP1,CD44,Unknown,T cell,0.1038,1.7726,0.1841
CCL5,CCR5,T cell,T cell,1.9877,0.0921,0.183
TGFB1,TGFBR2,Plasma cell,Mast cell,0.8928,0.2045,0.1826
VEGFA,FLT1,Mast cell,Myeloid/Macro,1.1046,0.1652,0.1824
SPP1,CD44,Mast cell,T cell,0.1024,1.7726,0.1815
TGFB1,TGFBR2,Plasma cell,Plasma cell,0.8928,0.2018,0.1802
IL6,IL6R,Fibroblast,Mast cell,0.4471,0.4018,0.1797
SPP1,CD44,Unknown,NK cell,0.1038,1.7159,0.1782
TNF,TNFRSF1A,T cell,Fibroblast,0.3347,0.5293,0.1772
IL6,IL6R,Endothelial,Myeloid/Macro,0.2273,0.7757,0.1763
SPP1,CD44,Mast cell,NK cell,0.1024,1.7159,0.1757
TNF,TNFRSF1A,Dendritic cell,Endothelial,0.4539,0.3849,0.1747
VEGFA,FLT1,Plasma cell,Endothelial,0.1945,0.8809,0.1713
TGFB1,TGFBR2,NK cell,Tumor epithelial,1.832,0.0916,0.1679
TNF,TNFRSF1A,Unknown,Myeloid/Macro,0.2774,0.5924,0.1644
TGFB1,TGFBR2,Fibroblast,Dendritic cell,0.6014,0.2716,0.1634
SPP1,CD44,Endothelial,Myeloid/Macro,0.0889,1.8359,0.1631
SPP1,CD44,Endothelial,Unknown,0.0889,1.8285,0.1625
SPP1,CD44,Unknown,Dendritic cell,0.1038,1.5394,0.1598
TGFB1,TGFBR2,Fibroblast,Myeloid/Macro,0.6014,0.2641,0.1588
SPP1,CD44,Mast cell,Dendritic cell,0.1024,1.5394,0.1577
TGFB1,TGFBR2,Tumor epithelial,Dendritic cell,0.5803,0.2716,0.1576
SPP1,CD44,Endothelial,T cell,0.0889,1.7726,0.1575
CD80,CTLA4,Dendritic cell,Unknown,0.5365,0.2928,0.1571
SPP1,CD44,Plasma cell,Endothelial,0.2266,0.6842,0.1551
CCL5,CCR5,T cell,Myeloid/Macro,1.9877,0.0775,0.1541
TGFB1,TGFBR2,Tumor epithelial,Myeloid/Macro,0.5803,0.2641,0.1533
SPP1,CD44,Endothelial,NK cell,0.0889,1.7159,0.1525
SPP1,CD44,Unknown,B cell,0.1038,1.4613,0.1517
TNF,TNFRSF1A,Fibroblast,Tumor epithelial,0.2258,0.6641,0.1499
SPP1,CD44,Mast cell,B cell,0.1024,1.4613,0.1497
TNF,TNFRSF1A,B cell,Endothelial,0.388,0.3849,0.1494
TNF,TNFRSF1A,Unknown,Fibroblast,0.2774,0.5293,0.1468
CCL5,CCR5,T cell,NK cell,1.9877,0.0733,0.1457
TGFB1,TGFBR2,Dendritic cell,Mast cell,0.7099,0.2045,0.1452
TGFB1,TGFBR2,Dendritic cell,Plasma cell,0.7099,0.2018,0.1433
TNF,TNFRSF1A,NK cell,Endothelial,0.3704,0.3849,0.1426
VEGFA,FLT1,Endothelial,Endothelial,0.1592,0.8809,0.1402
SPP1,CD44,Tumor epithelial,Myeloid/Macro,0.0759,1.8359,0.1393
SPP1,CD44,Tumor epithelial,Unknown,0.0759,1.8285,0.1387
SPP1,CD44,NK cell,Myeloid/Macro,0.0752,1.8359,0.138
CXCL12,CXCR4,Fibroblast,Mast cell,0.3063,0.4495,0.1377
SPP1,CD44,NK cell,Unknown,0.0752,1.8285,0.1374
SPP1,CD44,Plasma cell,Tumor epithelial,0.2266,0.6047,0.1371
CD80,CTLA4,Dendritic cell,NK cell,0.5365,0.2552,0.1369
SPP1,CD44,Endothelial,Dendritic cell,0.0889,1.5394,0.1368
TGFB1,TGFBR2,T cell,Tumor epithelial,1.4902,0.0916,0.1366
SPP1,CD44,Tumor epithelial,T cell,0.0759,1.7726,0.1345
TNF,TNFRSF1A,Fibroblast,Myeloid/Macro,0.2258,0.5924,0.1338
SPP1,CD44,NK cell,T cell,0.0752,1.7726,0.1332
TGFB1,TGFBR2,Unknown,Tumor epithelial,1.4415,0.0916,0.1321
VEGFA,KDR,Myeloid/Macro,Endothelial,0.766,0.1706,0.1307
SPP1,CD44,Tumor epithelial,NK cell,0.0759,1.7159,0.1302
SPP1,CD44,Endothelial,B cell,0.0889,1.4613,0.1299
SPP1,CD44,Unknown,Fibroblast,0.1038,1.2495,0.1297
SPP1,CD44,NK cell,NK cell,0.0752,1.7159,0.129
TNF,TNFRSF1A,T cell,Endothelial,0.3347,0.3849,0.1288
FAS,FASLG,Unknown,NK cell,0.4983,0.2576,0.1284
SPP1,CD44,Mast cell,Fibroblast,0.1024,1.2495,0.128
CXCL12,CXCR4,Endothelial,T cell,0.0569,2.2236,0.1266
VEGFA,FLT1,Myeloid/Macro,Myeloid/Macro,0.766,0.1652,0.1265
CD274,PDCD1,Mast cell,T cell,0.2372,0.5296,0.1256
CXCL12,CXCR4,Endothelial,B cell,0.0569,2.1828,0.1242
SPP1,CD44,T cell,Mast cell,0.0488,2.5294,0.1235
TGFB1,TGFBR2,Fibroblast,Mast cell,0.6014,0.2045,0.123
TGFB1,TGFBR2,Fibroblast,Plasma cell,0.6014,0.2018,0.1214
TNF,TNFRSF1A,Fibroblast,Fibroblast,0.2258,0.5293,0.1195
CXCL12,CXCR4,Endothelial,NK cell,0.0569,2.097,0.1194
TGFB1,TGFBR2,Tumor epithelial,Mast cell,0.5803,0.2045,0.1187
TGFB1,TGFBR2,Tumor epithelial,Plasma cell,0.5803,0.2018,0.1171
SPP1,CD44,Unknown,Plasma cell,0.1038,1.1263,0.1169
SPP1,CD44,Tumor epithelial,Dendritic cell,0.0759,1.5394,0.1168
SPP1,CD44,NK cell,Dendritic cell,0.0752,1.5394,0.1157
SPP1,CD44,Mast cell,Plasma cell,0.1024,1.1263,0.1153
FAS,FASLG,T cell,NK cell,0.4467,0.2576,0.1151
SPP1,CD44,Fibroblast,Endothelial,0.1672,0.6842,0.1144
SPP1,CD44,Endothelial,Fibroblast,0.0889,1.2495,0.111
SPP1,CD44,Tumor epithelial,B cell,0.0759,1.4613,0.1109
SPP1,CD44,NK cell,B cell,0.0752,1.4613,0.1098
TNF,TNFRSF1A,Unknown,Endothelial,0.2774,0.3849,0.1068
CXCL12,CXCR4,Endothelial,Unknown,0.0569,1.8662,0.1062
TGFB1,TGFBR2,Myeloid/Macro,Tumor epithelial,1.1381,0.0916,0.1043
VEGFA,KDR,Fibroblast,Endothelial,0.6013,0.1706,0.1026
CD80,CTLA4,B cell,T cell,0.1873,0.5394,0.1011
SPP1,CD44,Fibroblast,Tumor epithelial,0.1672,0.6047,0.1011
TNF,TNFRSF1A,Myeloid/Macro,Tumor epithelial,0.152,0.6641,0.101
SPP1,CD44,Endothelial,Plasma cell,0.0889,1.1263,0.1001
TGFB1,TGFBR2,Endothelial,Tumor epithelial,1.0881,0.0916,0.0997
VEGFA,FLT1,Fibroblast,Myeloid/Macro,0.6013,0.1652,0.0993
CCL5,CCR5,Endothelial,T cell,1.0562,0.0921,0.0972
SPP1,CD44,Tumor epithelial,Fibroblast,0.0759,1.2495,0.0948
SPP1,CD44,NK cell,Fibroblast,0.0752,1.2495,0.0939
TGFB1,TGFBR2,Mast cell,Tumor epithelial,1.0175,0.0916,0.0932
IL6,IL6R,Endothelial,Mast cell,0.2273,0.4018,0.0914
TNF,TNFRSF1A,Myeloid/Macro,Myeloid/Macro,0.152,0.5924,0.0901
SPP1,CD44,T cell,Myeloid/Macro,0.0488,1.8359,0.0897
SPP1,CD44,T cell,Unknown,0.0488,1.8285,0.0893
PDGFA,PDGFRA,Fibroblast,Fibroblast,0.3521,0.253,0.0891
TNF,TNFRSF1A,Fibroblast,Endothelial,0.2258,0.3849,0.0869
SPP1,CD44,T cell,T cell,0.0488,1.7726,0.0866
TGFB1,TGFBR2,B cell,Tumor epithelial,0.939,0.0916,0.086
SPP1,CD44,Tumor epithelial,Plasma cell,0.0759,1.1263,0.0855
CD80,CTLA4,Dendritic cell,Endothelial,0.5365,0.1583,0.0849
SPP1,CD44,NK cell,Plasma cell,0.0752,1.1263,0.0846
SPP1,CD44,T cell,NK cell,0.0488,1.7159,0.0838
TNF,TNFRSF1A,Mast cell,Tumor epithelial,0.1258,0.6641,0.0835
VEGFA,FLT1,Mast cell,Dendritic cell,1.1046,0.0751,0.083
CCL5,CCR5,Endothelial,Myeloid/Macro,1.0562,0.0775,0.0819
TGFB1,TGFBR2,Plasma cell,Tumor epithelial,0.8928,0.0916,0.0818
CXCL12,CXCR4,Endothelial,Dendritic cell,0.0569,1.4265,0.0812
TNF,TNFRSF1A,Myeloid/Macro,Fibroblast,0.152,0.5293,0.0805
CXCL10,CXCR3,Endothelial,NK cell,0.2335,0.3417,0.0798
VEGFA,FLT1,Dendritic cell,Endothelial,0.0895,0.8809,0.0789
CD274,PDCD1,Mast cell,NK cell,0.2372,0.3303,0.0783
IL6,IL6R,Fibroblast,Plasma cell,0.4471,0.174,0.0778
CCL5,CCR5,Endothelial,NK cell,1.0562,0.0733,0.0774
VEGFA,KDR,Tumor epithelial,Endothelial,0.4498,0.1706,0.0767
SPP1,CD44,T cell,Dendritic cell,0.0488,1.5394,0.0752
TNF,TNFRSF1A,Mast cell,Myeloid/Macro,0.1258,0.5924,0.0745
CCL5,CCR5,Unknown,T cell,0.8071,0.0921,0.0743
VEGFA,FLT1,Tumor epithelial,Myeloid/Macro,0.4498,0.1652,0.0743
CXCL10,CXCR3,Endothelial,T cell,0.2335,0.3149,0.0735
CD80,CTLA4,Dendritic cell,Plasma cell,0.5365,0.1364,0.0732
FAS,FASLG,Endothelial,NK cell,0.28,0.2576,0.0722
CXCL12,CXCR4,Endothelial,Myeloid/Macro,0.0569,1.2691,0.0722
FAS,FASLG,NK cell,NK cell,0.2796,0.2576,0.072
SPP1,CD44,T cell,B cell,0.0488,1.4613,0.0714
SPP1,CD44,Unknown,Endothelial,0.1038,0.6842,0.071
SPP1,CD44,Mast cell,Endothelial,0.1024,0.6842,0.0701
CD80,CTLA4,Myeloid/Macro,T cell,0.1291,0.5394,0.0697
FAS,FASLG,Dendritic cell,NK cell,0.2598,0.2576,0.0669
TNF,TNFRSF1A,Plasma cell,Tumor epithelial,0.1006,0.6641,0.0668
FAS,FASLG,B cell,NK cell,0.2583,0.2576,0.0666
TNF,TNFRSF1A,Mast cell,Fibroblast,0.1258,0.5293,0.0666
TGFB1,TGFBR2,Dendritic cell,Tumor epithelial,0.7099,0.0916,0.0651
CD274,PDCD1,Mast cell,Unknown,0.2372,0.2728,0.0647
CXCL12,CXCR4,Endothelial,Plasma cell,0.0569,1.1087,0.0631
SPP1,CD44,Unknown,Tumor epithelial,0.1038,0.6047,0.0628
CCL5,CCR5,Unknown,Myeloid/Macro,0.8071,0.0775,0.0626
SPP1,CD44,B cell,Mast cell,0.0247,2.5294,0.0625
HGF,MET,Fibroblast,Tumor epithelial,0.2072,0.3018,0.0625
SPP1,CD44,Mast cell,Tumor epithelial,0.1024,0.6047,0.0619
CD274,PDCD1,Endothelial,T cell,0.1159,0.5296,0.0614
SPP1,CD44,T cell,Fibroblast,0.0488,1.2495,0.061
SPP1,CD44,Endothelial,Endothelial,0.0889,0.6842,0.0608
TNF,TNFRSF1A,Plasma cell,Myeloid/Macro,0.1006,0.5924,0.0596
CCL5,CCR5,Unknown,NK cell,0.8071,0.0733,0.0591
FAS,FASLG,Plasma cell,NK cell,0.2273,0.2576,0.0586
TNF,TNFRSF1A,Myeloid/Macro,Endothelial,0.152,0.3849,0.0585
CCL5,CCR5,NK cell,Unknown,3.395,0.0169,0.0575
VEGFA,FLT1,Myeloid/Macro,Dendritic cell,0.766,0.0751,0.0575
IL6,IL6R,Fibroblast,Endothelial,0.4471,0.1283,0.0574
TNF,TNFRSF1A,Dendritic cell,Unknown,0.4539,0.1213,0.0551
TGFB1,TGFBR2,Fibroblast,Tumor epithelial,0.6014,0.0916,0.0551
SPP1,CD44,T cell,Plasma cell,0.0488,1.1263,0.055
CD80,CTLA4,B cell,Unknown,0.1873,0.2928,0.0549
CCL5,CCR5,Plasma cell,T cell,0.5908,0.0921,0.0544
SPP1,CD44,Endothelial,Tumor epithelial,0.0889,0.6047,0.0537
TNF,TNFRSF1A,Plasma cell,Fibroblast,0.1006,0.5293,0.0533
TGFB1,TGFBR2,Tumor epithelial,Tumor epithelial,0.5803,0.0916,0.0532
CXCL12,CXCR4,Endothelial,Endothelial,0.0569,0.9334,0.0531
IL6,IL6R,Unknown,Myeloid/Macro,0.0675,0.7757,0.0524
SPP1,CD44,Tumor epithelial,Endothelial,0.0759,0.6842,0.0519
SPP1,CD44,NK cell,Endothelial,0.0752,0.6842,0.0514
TNF,TNFRSF1A,Dendritic cell,NK cell,0.4539,0.1107,0.0502
IL6,IL6R,Fibroblast,Dendritic cell,0.4471,0.1114,0.0498
FAS,FASLG,Fibroblast,NK cell,0.1933,0.2576,0.0498
CCL2,CCR2,Endothelial,Plasma cell,1.253,0.0388,0.0486
TNF,TNFRSF1A,Mast cell,Endothelial,0.1258,0.3849,0.0484
FAS,FASLG,Unknown,T cell,0.4983,0.097,0.0483
CD80,CTLA4,B cell,NK cell,0.1873,0.2552,0.0478
CCL5,CCR5,Fibroblast,T cell,0.5149,0.0921,0.0474
TNF,TNFRSF1A,B cell,Unknown,0.388,0.1213,0.0471
VEGFA,FLT1,Mast cell,Unknown,1.1046,0.0423,0.0468
CCL5,CCR5,NK cell,B cell,3.395,0.0138,0.0467
SPP1,CD44,Tumor epithelial,Tumor epithelial,0.0759,0.6047,0.0459
CCL5,CCR5,Plasma cell,Myeloid/Macro,0.5908,0.0775,0.0458
SPP1,CD44,B cell,Myeloid/Macro,0.0247,1.8359,0.0454
SPP1,CD44,NK cell,Tumor epithelial,0.0752,0.6047,0.0454
VEGFA,FLT1,Fibroblast,Dendritic cell,0.6013,0.0751,0.0452
SPP1,CD44,B cell,Unknown,0.0247,1.8285,0.0452
CCL2,CCR2,Fibroblast,Plasma cell,1.162,0.0388,0.0451
TNF,TNFRSF1A,NK cell,Unknown,0.3704,0.1213,0.0449
HGF,MET,Fibroblast,Endothelial,0.2072,0.2132,0.0442
CXCL12,CXCR4,Endothelial,Fibroblast,0.0569,0.7732,0.044
SPP1,CD44,B cell,T cell,0.0247,1.7726,0.0438
FAS,FASLG,T cell,T cell,0.4467,0.097,0.0433
VEGFA,KDR,Mast cell,Tumor epithelial,1.1046,0.0392,0.0433
CCL5,CCR5,Plasma cell,NK cell,0.5908,0.0733,0.0433
IL6,IL6R,Fibroblast,Fibroblast,0.4471,0.0968,0.0433
TNF,TNFRSF1A,Dendritic cell,Dendritic cell,0.4539,0.0947,0.043
TNF,TNFRSF1A,B cell,NK cell,0.388,0.1107,0.0429
IL6,IL6R,B cell,Myeloid/Macro,0.0548,0.7757,0.0425
SPP1,CD44,B cell,NK cell,0.0247,1.7159,0.0424
CXCL10,CXCR3,Endothelial,Dendritic cell,0.2335,0.1792,0.0418
TNF,TNFRSF1A,NK cell,NK cell,0.3704,0.1107,0.041
TNF,TNFRSF1A,T cell,Unknown,0.3347,0.1213,0.0406
CCL5,CCR5,Fibroblast,Myeloid/Macro,0.5149,0.0775,0.0399
IL6,IL6R,Endothelial,Plasma cell,0.2273,0.174,0.0395
TNF,TNFRSF1A,Plasma cell,Endothelial,0.1006,0.3849,0.0387
CD274,PDCD1,Endothelial,NK cell,0.1159,0.3303,0.0383
PDGFA,PDGFRA,Mast cell,Fibroblast,0.1504,0.253,0.0381
SPP1,CD44,B cell,Dendritic cell,0.0247,1.5394,0.038
CD80,CTLA4,Myeloid/Macro,Unknown,0.1291,0.2928,0.0378
CCL5,CCR5,Fibroblast,NK cell,0.5149,0.0733,0.0377
PDGFA,PDGFRA,Endothelial,Fibroblast,0.1487,0.253,0.0376
CD274,PDCD1,Tumor epithelial,T cell,0.0707,0.5296,0.0374
CDH1,CDH1,Tumor epithelial,Fibroblast,0.5612,0.0665,0.0373
CDH1,CDH1,Fibroblast,Tumor epithelial,0.0665,0.5612,0.0373
TNF,TNFRSF1A,T cell,NK cell,0.3347,0.1107,0.037
TNF,TNFRSF1A,B cell,Dendritic cell,0.388,0.0947,0.0367
CXCL10,CXCR3,Endothelial,Fibroblast,0.2335,0.1565,0.0365
CXCL10,CXCR3,Endothelial,Unknown,0.2335,0.1549,0.0362
SPP1,CD44,B cell,B cell,0.0247,1.4613,0.0361
TNF,TNFRSF1A,NK cell,Dendritic cell,0.3704,0.0947,0.0351
CD274,PDCD1,Mast cell,Plasma cell,0.2372,0.1477,0.035
FAS,FASLG,Unknown,Mast cell,0.4983,0.0702,0.035
CD274,PDCD1,Myeloid/Macro,T cell,0.0655,0.5296,0.0347
IL6,IL6R,Fibroblast,Unknown,0.4471,0.0767,0.0343
IL6,IL6R,Myeloid/Macro,Myeloid/Macro,0.0441,0.7757,0.0342
VEGFA,FLT1,Tumor epithelial,Dendritic cell,0.4498,0.0751,0.0338
CCL5,CCR5,T cell,Unknown,1.9877,0.0169,0.0337
TNF,TNFRSF1A,Unknown,Unknown,0.2774,0.1213,0.0337
SPP1,CD44,T cell,Endothelial,0.0488,0.6842,0.0334
CXCL10,CXCR3,Endothelial,Plasma cell,0.2335,0.1431,0.0334
CDH1,CDH1,Plasma cell,Tumor epithelial,0.0594,0.5612,0.0333
CDH1,CDH1,Tumor epithelial,Plasma cell,0.5612,0.0594,0.0333
TNF,TNFRSF1A,Dendritic cell,T cell,0.4539,0.0734,0.0333
VEGFA,KDR,Plasma cell,Endothelial,0.1945,0.1706,0.0332
CXCL10,CXCR3,Myeloid/Macro,NK cell,0.0967,0.3417,0.0331
CD80,CTLA4,Myeloid/Macro,NK cell,0.1291,0.2552,0.033
FAS,FASLG,Unknown,Unknown,0.4983,0.0658,0.0328
VEGFA,FLT1,Myeloid/Macro,Unknown,0.766,0.0423,0.0324
TNF,TNFRSF1A,Dendritic cell,Plasma cell,0.4539,0.0714,0.0324
IL6,IL6R,Fibroblast,Tumor epithelial,0.4471,0.072,0.0322
VEGFA,FLT1,Plasma cell,Myeloid/Macro,0.1945,0.1652,0.0321
TNF,TNFRSF1A,T cell,Dendritic cell,0.3347,0.0947,0.0317
CD274,PDCD1,Endothelial,Unknown,0.1159,0.2728,0.0316
FAS,FASLG,T cell,Mast cell,0.4467,0.0702,0.0313
TNF,TNFRSF1A,Endothelial,Tumor epithelial,0.0471,0.6641,0.0313
SPP1,CD44,B cell,Fibroblast,0.0247,1.2495,0.0309
TNF,TNFRSF1A,Unknown,NK cell,0.2774,0.1107,0.0307
CXCL10,CXCR3,Myeloid/Macro,T cell,0.0967,0.3149,0.0305
CXCL10,CXCR3,Fibroblast,NK cell,0.089,0.3417,0.0304
CXCL10,CXCR3,Endothelial,B cell,0.2335,0.1297,0.0303
DLL1,NOTCH1,Endothelial,Unknown,0.1141,0.2638,0.0301
VEGFA,KDR,Myeloid/Macro,Tumor epithelial,0.766,0.0392,0.03
FAS,FASLG,Mast cell,NK cell,0.116,0.2576,0.0299
DLL1,NOTCH1,Endothelial,Endothelial,0.1141,0.2611,0.0298
CD80,CTLA4,B cell,Endothelial,0.1873,0.1583,0.0297
SPP1,CD44,T cell,Tumor epithelial,0.0488,0.6047,0.0295
FAS,FASLG,T cell,Unknown,0.4467,0.0658,0.0294
CXCL10,CXCR3,Plasma cell,NK cell,0.0853,0.3417,0.0292
IL6,IL6R,Endothelial,Endothelial,0.2273,0.1283,0.0292
VEGFA,FLT1,Unknown,Endothelial,0.033,0.8809,0.0291
CD80,CTLA4,Dendritic cell,Myeloid/Macro,0.5365,0.0541,0.029
TNF,TNFRSF1A,B cell,T cell,0.388,0.0734,0.0285
CCL5,CCR5,NK cell,Fibroblast,3.395,0.0083,0.0283
CXCL10,CXCR3,Fibroblast,T cell,0.089,0.3149,0.028
TNF,TNFRSF1A,Endothelial,Myeloid/Macro,0.0471,0.5924,0.0279
FAS,FASLG,Myeloid/Macro,NK cell,0.1081,0.2576,0.0278
SPP1,CD44,B cell,Plasma cell,0.0247,1.1263,0.0278
TNF,TNFRSF1A,B cell,Plasma cell,0.388,0.0714,0.0277
TNF,TNFRSF1A,Fibroblast,Unknown,0.2258,0.1213,0.0274
CXCL12,CXCR4,Mast cell,T cell,0.0123,2.2236,0.0274
CCL5,CCR5,T cell,B cell,1.9877,0.0138,0.0273
FAS,FASLG,Endothelial,T cell,0.28,0.097,0.0272
TNF,TNFRSF1A,NK cell,T cell,0.3704,0.0734,0.0272
CXCL12,CXCR4,Fibroblast,Tumor epithelial,0.3063,0.0889,0.0272
VEGFA,KDR,Endothelial,Endothelial,0.1592,0.1706,0.0272
IL6,IL6R,Unknown,Mast cell,0.0675,0.4018,0.0271
FAS,FASLG,NK cell,T cell,0.2796,0.097,0.0271
CD80,CTLA4,Endothelial,T cell,0.0501,0.5394,0.027
CXCL10,CXCR3,Plasma cell,T cell,0.0853,0.3149,0.0269
CXCL12,CXCR4,Mast cell,B cell,0.0123,2.1828,0.0269
TNF,TNFRSF1A,NK cell,Plasma cell,0.3704,0.0714,0.0265
TNF,TNFRSF1A,Unknown,Dendritic cell,0.2774,0.0947,0.0263
VEGFA,FLT1,Endothelial,Myeloid/Macro,0.1592,0.1652,0.0263
VEGFA,FLT1,Mast cell,Mast cell,1.1046,0.0235,0.0259
CXCL12,CXCR4,Mast cell,NK cell,0.0123,2.097,0.0258
CD274,PDCD1,T cell,T cell,0.0486,0.5296,0.0257
CXCL12,CXCR4,Endothelial,Mast cell,0.0569,0.4495,0.0256
VEGFA,FLT1,Fibroblast,Unknown,0.6013,0.0423,0.0255
CD80,CTLA4,B cell,Plasma cell,0.1873,0.1364,0.0255
IL6,IL6R,Endothelial,Dendritic cell,0.2273,0.1114,0.0253
FAS,FASLG,Dendritic cell,T cell,0.2598,0.097,0.0252
FAS,FASLG,B cell,T cell,0.2583,0.097,0.0251
TNF,TNFRSF1A,Fibroblast,NK cell,0.2258,0.1107,0.025
CD80,CTLA4,Unknown,T cell,0.0464,0.5394,0.025
TNF,TNFRSF1A,Endothelial,Fibroblast,0.0471,0.5293,0.0249
TNF,TNFRSF1A,T cell,T cell,0.3347,0.0734,0.0246
CXCL12,CXCR4,Myeloid/Macro,T cell,0.0111,2.2236,0.0246
IL6,IL6R,Fibroblast,T cell,0.4471,0.0543,0.0243
CXCL12,CXCR4,Myeloid/Macro,B cell,0.0111,2.1828,0.0242
TNF,TNFRSF1A,T cell,Plasma cell,0.3347,0.0714,0.0239
CCL5,CCR5,Myeloid/Macro,T cell,0.2601,0.0921,0.0239
CD274,PDCD1,Mast cell,Endothelial,0.2372,0.0995,0.0236
VEGFA,KDR,Fibroblast,Tumor epithelial,0.6013,0.0392,0.0236
VEGFA,FLT1,Mast cell,Tumor epithelial,1.1046,0.0214,0.0236
IL6,IL6R,Plasma cell,Myeloid/Macro,0.0304,0.7757,0.0236
IL6,IL6R,Tumor epithelial,Myeloid/Macro,0.03,0.7757,0.0233
CD274,PDCD1,Tumor epithelial,NK cell,0.0707,0.3303,0.0233
CXCL12,CXCR4,Myeloid/Macro,NK cell,0.0111,2.097,0.0232
CCL5,CCR5,Mast cell,T cell,0.2509,0.0921,0.0231
CXCL12,CXCR4,Mast cell,Unknown,0.0123,1.8662,0.023
DLL1,NOTCH1,Endothelial,Fibroblast,0.1141,0.1993,0.0227
CXCL10,CXCR3,Tumor epithelial,NK cell,0.066,0.3417,0.0226
VEGFA,FLT1,Mast cell,B cell,1.1046,0.02,0.0221
IL6,IL6R,Endothelial,Fibroblast,0.2273,0.0968,0.022
IL6,IL6R,B cell,Mast cell,0.0548,0.4018,0.022
FAS,FASLG,Plasma cell,T cell,0.2273,0.097,0.022
CD274,PDCD1,Plasma cell,T cell,0.041,0.5296,0.0217
CD274,PDCD1,Myeloid/Macro,NK cell,0.0655,0.3303,0.0216
CD274,PDCD1,Mast cell,Dendritic cell,0.2372,0.0906,0.0215
CXCL12,CXCR4,Unknown,T cell,0.0097,2.2236,0.0215
TNF,TNFRSF1A,Fibroblast,Dendritic cell,0.2258,0.0947,0.0214
CXCL12,CXCR4,Unknown,B cell,0.0097,2.1828,0.0211
CXCL10,CXCR3,Tumor epithelial,T cell,0.066,0.3149,0.0208
CXCL12,CXCR4,Myeloid/Macro,Unknown,0.0111,1.8662,0.0207
TNF,TNFRSF1A,Unknown,T cell,0.2774,0.0734,0.0204
CD80,CTLA4,Myeloid/Macro,Endothelial,0.1291,0.1583,0.0204
CXCL12,CXCR4,Unknown,NK cell,0.0097,2.097,0.0203
CCL5,CCR5,Myeloid/Macro,Myeloid/Macro,0.2601,0.0775,0.0202
DLL1,NOTCH1,Endothelial,NK cell,0.1141,0.1766,0.0201
TNF,TNFRSF1A,Unknown,Plasma cell,0.2774,0.0714,0.0198
FAS,FASLG,Endothelial,Mast cell,0.28,0.0702,0.0197
DLL1,NOTCH1,Endothelial,Mast cell,0.1141,0.1723,0.0197
FAS,FASLG,NK cell,Mast cell,0.2796,0.0702,0.0196
CCL5,CCR5,Mast cell,Myeloid/Macro,0.2509,0.0775,0.0195
FAS,FASLG,Unknown,Plasma cell,0.4983,0.039,0.0194
CD274,PDCD1,Tumor epithelial,Unknown,0.0707,0.2728,0.0193
CCL5,CCR5,Myeloid/Macro,NK cell,0.2601,0.0733,0.0191
VEGFA,FLT1,Tumor epithelial,Unknown,0.4498,0.0423,0.019
CCL5,CCR5,B cell,T cell,0.205,0.0921,0.0189
CD80,CTLA4,Dendritic cell,Mast cell,0.5365,0.0349,0.0187
FAS,FASLG,Fibroblast,T cell,0.1933,0.097,0.0187
CD274,PDCD1,Mast cell,Fibroblast,0.2372,0.0781,0.0185
CCL5,CCR5,Mast cell,NK cell,0.2509,0.0733,0.0184
TNF,TNFRSF1A,Myeloid/Macro,Unknown,0.152,0.1213,0.0184
FAS,FASLG,Endothelial,Unknown,0.28,0.0658,0.0184
FAS,FASLG,NK cell,Unknown,0.2796,0.0658,0.0184
FAS,FASLG,Dendritic cell,Mast cell,0.2598,0.0702,0.0182
CXCL12,CXCR4,Unknown,Unknown,0.0097,1.8662,0.0181
FAS,FASLG,B cell,Mast cell,0.2583,0.0702,0.0181
TNF,TNFRSF1A,Endothelial,Endothelial,0.0471,0.3849,0.0181
VEGFA,FLT1,Myeloid/Macro,Mast cell,0.766,0.0235,0.018
CD274,PDCD1,Myeloid/Macro,Unknown,0.0655,0.2728,0.0179
FAS,FASLG,Unknown,Endothelial,0.4983,0.0359,0.0179
CCL5,CCR5,Endothelial,Unknown,1.0562,0.0169,0.0179
CD80,CTLA4,T cell,T cell,0.0327,0.5394,0.0177
IL6,IL6R,Myeloid/Macro,Mast cell,0.0441,0.4018,0.0177
VEGFA,KDR,Tumor epithelial,Tumor epithelial,0.4498,0.0392,0.0176
CXCL12,CXCR4,Mast cell,Dendritic cell,0.0123,1.4265,0.0176
CD80,CTLA4,Myeloid/Macro,Plasma cell,0.1291,0.1364,0.0176
FAS,FASLG,T cell,Plasma cell,0.4467,0.039,0.0174
IL6,IL6R,Endothelial,Unknown,0.2273,0.0767,0.0174
CD274,PDCD1,Dendritic cell,T cell,0.0328,0.5296,0.0173
CXCL10,CXCR3,Myeloid/Macro,Dendritic cell,0.0967,0.1792,0.0173
CD274,PDCD1,Endothelial,Plasma cell,0.1159,0.1477,0.0171
FAS,FASLG,Dendritic cell,Unknown,0.2598,0.0658,0.0171
FAS,FASLG,B cell,Unknown,0.2583,0.0658,0.017
SPP1,CD44,B cell,Endothelial,0.0247,0.6842,0.0169
TNF,TNFRSF1A,Myeloid/Macro,NK cell,0.152,0.1107,0.0168
DLL1,NOTCH1,Endothelial,B cell,0.1141,0.1467,0.0167
CCL5,CCR5,T cell,Fibroblast,1.9877,0.0083,0.0166
HGF,MET,Endothelial,Tumor epithelial,0.0551,0.3018,0.0166
TNF,TNFRSF1A,Fibroblast,T cell,0.2258,0.0734,0.0166
DLL1,NOTCH1,Endothelial,T cell,0.1141,0.1445,0.0165
IL6,IL6R,Endothelial,Tumor epithelial,0.2273,0.072,0.0164
VEGFA,FLT1,Myeloid/Macro,Tumor epithelial,0.766,0.0214,0.0164
DLL1,NOTCH1,Myeloid/Macro,Unknown,0.0621,0.2638,0.0164
DLL1,NOTCH1,Myeloid/Macro,Endothelial,0.0621,0.2611,0.0162
DLL1,NOTCH1,Endothelial,Myeloid/Macro,0.1141,0.142,0.0162
TNF,TNFRSF1A,Fibroblast,Plasma cell,0.2258,0.0714,0.0161
FAS,FASLG,T cell,Endothelial,0.4467,0.0359,0.0161
FAS,FASLG,Plasma cell,Mast cell,0.2273,0.0702,0.016
CXCL10,CXCR3,Fibroblast,Dendritic cell,0.089,0.1792,0.016
CD274,PDCD1,T cell,NK cell,0.0486,0.3303,0.016
CCL5,CCR5,B cell,Myeloid/Macro,0.205,0.0775,0.0159
CXCL12,CXCR4,Myeloid/Macro,Dendritic cell,0.0111,1.4265,0.0158
CD274,PDCD1,B cell,T cell,0.0297,0.5296,0.0157
CXCL12,CXCR4,Mast cell,Myeloid/Macro,0.0123,1.2691,0.0156
CD274,PDCD1,Mast cell,B cell,0.2372,0.0652,0.0155
TNF,TNFRSF1A,Mast cell,Unknown,0.1258,0.1213,0.0153
CXCL10,CXCR3,Plasma cell,Dendritic cell,0.0853,0.1792,0.0153
VEGFA,FLT1,Myeloid/Macro,B cell,0.766,0.02,0.0153
VEGFA,KDR,Dendritic cell,Endothelial,0.0895,0.1706,0.0153
CXCL10,CXCR3,Myeloid/Macro,Fibroblast,0.0967,0.1565,0.0151
CCL5,CCR5,B cell,NK cell,0.205,0.0733,0.015
CXCL10,CXCR3,Myeloid/Macro,Unknown,0.0967,0.1549,0.015
SPP1,CD44,B cell,Tumor epithelial,0.0247,0.6047,0.0149
FAS,FASLG,Plasma cell,Unknown,0.2273,0.0658,0.0149
VEGFA,FLT1,Dendritic cell,Myeloid/Macro,0.0895,0.1652,0.0148
CD80,CTLA4,Endothelial,Unknown,0.0501,0.2928,0.0147
CD274,PDCD1,NK cell,T cell,0.0277,0.5296,0.0147
VEGFA,FLT1,Plasma cell,Dendritic cell,0.1945,0.0751,0.0146
CD80,CTLA4,Dendritic cell,B cell,0.5365,0.0271,0.0146
CCL5,CCR5,Endothelial,B cell,1.0562,0.0138,0.0145
TNF,TNFRSF1A,Tumor epithelial,Tumor epithelial,0.0218,0.6641,0.0145
CDH1,CDH1,Unknown,Tumor epithelial,0.0256,0.5612,0.0144
CDH1,CDH1,Tumor epithelial,Unknown,0.5612,0.0256,0.0144
TNF,TNFRSF1A,Myeloid/Macro,Dendritic cell,0.152,0.0947,0.0144
DLL1,NOTCH1,Endothelial,Plasma cell,0.1141,0.1254,0.0143
VEGFA,FLT1,Fibroblast,Mast cell,0.6013,0.0235,0.0141
CXCL12,CXCR4,Myeloid/Macro,Myeloid/Macro,0.0111,1.2691,0.0141
CDH1,CDH1,Dendritic cell,Tumor epithelial,0.0252,0.5612,0.0141
CDH1,CDH1,Tumor epithelial,Dendritic cell,0.5612,0.0252,0.0141
CXCL10,CXCR3,Fibroblast,Fibroblast,0.089,0.1565,0.0139
TNF,TNFRSF1A,Mast cell,NK cell,0.1258,0.1107,0.0139
HGF,MET,Myeloid/Macro,Tumor epithelial,0.0458,0.3018,0.0138
DLL1,NOTCH1,Endothelial,Dendritic cell,0.1141,0.1206,0.0138
CXCL10,CXCR3,Myeloid/Macro,Plasma cell,0.0967,0.1431,0.0138
CXCL10,CXCR3,Fibroblast,Unknown,0.089,0.1549,0.0138
CXCL12,CXCR4,Unknown,Dendritic cell,0.0097,1.4265,0.0138
CXCL10,CXCR3,B cell,NK cell,0.0402,0.3417,0.0137
CXCL12,CXCR4,Mast cell,Plasma cell,0.0123,1.1087,0.0137
CCL5,CCR5,Unknown,Unknown,0.8071,0.0169,0.0137
FAS,FASLG,Fibroblast,Mast cell,0.1933,0.0702,0.0136
CD80,CTLA4,Unknown,Unknown,0.0464,0.2928,0.0136
CD274,PDCD1,Mast cell,Myeloid/Macro,0.2372,0.0575,0.0136
FAS,FASLG,Tumor epithelial,NK cell,0.0526,0.2576,0.0135
CD80,CTLA4,Fibroblast,T cell,0.0249,0.5394,0.0135
CD274,PDCD1,Plasma cell,NK cell,0.041,0.3303,0.0135
CXCL10,CXCR3,Plasma cell,Fibroblast,0.0853,0.1565,0.0134
CD274,PDCD1,Mast cell,Mast cell,0.2372,0.056,0.0133
CD274,PDCD1,T cell,Unknown,0.0486,0.2728,0.0132
CXCL10,CXCR3,Plasma cell,Unknown,0.0853,0.1549,0.0132
VEGFA,FLT1,Mast cell,Plasma cell,1.1046,0.0119,0.0131
TNF,TNFRSF1A,Tumor epithelial,Myeloid/Macro,0.0218,0.5924,0.0129
CD80,CTLA4,Endothelial,NK cell,0.0501,0.2552,0.0128
VEGFA,FLT1,Fibroblast,Tumor epithelial,0.6013,0.0214,0.0128
FAS,FASLG,Fibroblast,Unknown,0.1933,0.0658,0.0127
CXCL10,CXCR3,B cell,T cell,0.0402,0.3149,0.0127
CXCL10,CXCR3,Fibroblast,Plasma cell,0.089,0.1431,0.0127
CXCL10,CXCR3,Myeloid/Macro,B cell,0.0967,0.1297,0.0125
DLL1,NOTCH1,Myeloid/Macro,Fibroblast,0.0621,0.1993,0.0124
CXCL12,CXCR4,Unknown,Myeloid/Macro,0.0097,1.2691,0.0123
IL6,IL6R,Endothelial,T cell,0.2273,0.0543,0.0123
CXCL12,CXCR4,Myeloid/Macro,Plasma cell,0.0111,1.1087,0.0123
CXCL10,CXCR3,Plasma cell,Plasma cell,0.0853,0.1431,0.0122
IL6,IL6R,Plasma cell,Mast cell,0.0304,0.4018,0.0122
TNF,TNFRSF1A,Plasma cell,Unknown,0.1006,0.1213,0.0122
IL6,IL6R,Tumor epithelial,Mast cell,0.03,0.4018,0.0121
VEGFA,FLT1,Endothelial,Dendritic cell,0.1592,0.0751,0.012
VEGFA,FLT1,Fibroblast,B cell,0.6013,0.02,0.012
CD80,CTLA4,Unknown,NK cell,0.0464,0.2552,0.0119
TNF,TNFRSF1A,Mast cell,Dendritic cell,0.1258,0.0947,0.0119
IL6,IL6R,Unknown,Plasma cell,0.0675,0.174,0.0118
CXCL10,CXCR3,Tumor epithelial,Dendritic cell,0.066,0.1792,0.0118
HGF,MET,Fibroblast,Myeloid/Macro,0.2072,0.057,0.0118
HGF,MET,Endothelial,Endothelial,0.0551,0.2132,0.0117
CXCL10,CXCR3,Fibroblast,B cell,0.089,0.1297,0.0115
TNF,TNFRSF1A,Tumor epithelial,Fibroblast,0.0218,0.5293,0.0115
CD274,PDCD1,Endothelial,Endothelial,0.1159,0.0995,0.0115
CXCL12,CXCR4,Mast cell,Endothelial,0.0123,0.9334,0.0115
CD80,CTLA4,Dendritic cell,Fibroblast,0.5365,0.021,0.0113
PDGFA,PDGFRA,Tumor epithelial,Fibroblast,0.0441,0.253,0.0112
FAS,FASLG,Mast cell,T cell,0.116,0.097,0.0112
CD274,PDCD1,Plasma cell,Unknown,0.041,0.2728,0.0112
TNF,TNFRSF1A,Myeloid/Macro,T cell,0.152,0.0734,0.0112
CCL5,CCR5,Unknown,B cell,0.8071,0.0138,0.0111
CXCL10,CXCR3,Plasma cell,B cell,0.0853,0.1297,0.0111
IL6,IL6R,Fibroblast,B cell,0.4471,0.0248,0.0111
TNF,TNFRSF1A,Plasma cell,NK cell,0.1006,0.1107,0.0111
DLL1,NOTCH1,Myeloid/Macro,NK cell,0.0621,0.1766,0.011
FAS,FASLG,Endothelial,Plasma cell,0.28,0.039,0.0109
TNF,TNFRSF1A,Myeloid/Macro,Plasma cell,0.152,0.0714,0.0109
FAS,FASLG,NK cell,Plasma cell,0.2796,0.039,0.0109
CD274,PDCD1,Dendritic cell,NK cell,0.0328,0.3303,0.0108
DLL1,NOTCH1,Myeloid/Macro,Mast cell,0.0621,0.1723,0.0107
CXCL12,CXCR4,Unknown,Plasma cell,0.0097,1.1087,0.0107
VEGFA,FLT1,Tumor epithelial,Mast cell,0.4498,0.0235,0.0106
TNF,TNFRSF1A,Dendritic cell,Mast cell,0.4539,0.0234,0.0106
CD274,PDCD1,Endothelial,Dendritic cell,0.1159,0.0906,0.0105
FAS,FASLG,Myeloid/Macro,T cell,0.1081,0.097,0.0105
CD274,PDCD1,Tumor epithelial,Plasma cell,0.0707,0.1477,0.0104
CXCL12,CXCR4,Myeloid/Macro,Endothelial,0.0111,0.9334,0.0103
CXCL10,CXCR3,Tumor epithelial,Fibroblast,0.066,0.1565,0.0103
CXCL10,CXCR3,Tumor epithelial,Unknown,0.066,0.1549,0.0102
FAS,FASLG,Dendritic cell,Plasma cell,0.2598,0.039,0.0101
CD80,CTLA4,B cell,Myeloid/Macro,0.1873,0.0541,0.0101
FAS,FASLG,B cell,Plasma cell,0.2583,0.039,0.0101
FAS,FASLG,Endothelial,Endothelial,0.28,0.0359,0.0101
CCL5,CCR5,Plasma cell,Unknown,0.5908,0.0169,0.01
FAS,FASLG,NK cell,Endothelial,0.2796,0.0359,0.01
PDGFA,PDGFRA,Unknown,Fibroblast,0.0396,0.253,0.01
CD274,PDCD1,B cell,NK cell,0.0297,0.3303,0.0098
HGF,MET,Myeloid/Macro,Endothelial,0.0458,0.2132,0.0098
CD274,PDCD1,Myeloid/Macro,Plasma cell,0.0655,0.1477,0.0097
CD80,CTLA4,T cell,Unknown,0.0327,0.2928,0.0096
VEGFA,FLT1,Tumor epithelial,Tumor epithelial,0.4498,0.0214,0.0096
IL6,IL6R,Mast cell,Myeloid/Macro,0.0123,0.7757,0.0096
TNF,TNFRSF1A,Plasma cell,Dendritic cell,0.1006,0.0947,0.0095
IL6,IL6R,B cell,Plasma cell,0.0548,0.174,0.0095
CXCL12,CXCR4,Mast cell,Fibroblast,0.0123,0.7732,0.0095
CXCL10,CXCR3,Tumor epithelial,Plasma cell,0.066,0.1431,0.0094
CXCL10,CXCR3,Endothelial,Endothelial,0.2335,0.04,0.0093
FAS,FASLG,B cell,Endothelial,0.2583,0.0359,0.0093
FAS,FASLG,Dendritic cell,Endothelial,0.2598,0.0359,0.0093
PDGFA,PDGFRA,Fibroblast,Endothelial,0.3521,0.0262,0.0092
HGF,MET,Fibroblast,Plasma cell,0.2072,0.0446,0.0092
TNF,TNFRSF1A,Mast cell,T cell,0.1258,0.0734,0.0092
VEGFA,FLT1,Mast cell,Fibroblast,1.1046,0.0083,0.0092
VEGFA,FLT1,T cell,Endothelial,0.0104,0.8809,0.0092
DLL1,NOTCH1,Myeloid/Macro,B cell,0.0621,0.1467,0.0091
TNF,TNFRSF1A,B cell,Mast cell,0.388,0.0234,0.0091
VEGFA,FLT1,Myeloid/Macro,Plasma cell,0.766,0.0119,0.0091
CD274,PDCD1,Endothelial,Fibroblast,0.1159,0.0781,0.0091
CD274,PDCD1,NK cell,NK cell,0.0277,0.3303,0.0091
DLL1,NOTCH1,Myeloid/Macro,T cell,0.0621,0.1445,0.009
CXCL12,CXCR4,Unknown,Endothelial,0.0097,0.9334,0.009
VEGFA,FLT1,Tumor epithelial,B cell,0.4498,0.02,0.009
TNF,TNFRSF1A,Mast cell,Plasma cell,0.1258,0.0714,0.009
FAS,FASLG,Plasma cell,Plasma cell,0.2273,0.039,0.0089
CD274,PDCD1,Dendritic cell,Unknown,0.0328,0.2728,0.0089
CCL5,CCR5,Endothelial,Fibroblast,1.0562,0.0083,0.0088
DLL1,NOTCH1,Myeloid/Macro,Myeloid/Macro,0.0621,0.142,0.0088
DLL1,NOTCH1,B cell,Endothelial,0.0332,0.2611,0.0087
TNF,TNFRSF1A,NK cell,Mast cell,0.3704,0.0234,0.0087
PDGFA,PDGFRA,Myeloid/Macro,Fibroblast,0.0342,0.253,0.0087
CCL5,CCR5,Fibroblast,Unknown,0.5149,0.0169,0.0087
DLL1,NOTCH1,B cell,Unknown,0.0332,0.2638,0.0087
IL6,IL6R,Unknown,Endothelial,0.0675,0.1283,0.0087
CXCL10,CXCR3,Tumor epithelial,B cell,0.066,0.1297,0.0086
CXCL12,CXCR4,Myeloid/Macro,Fibroblast,0.0111,0.7732,0.0086
VEGFA,FLT1,NK cell,Endothelial,0.0097,0.8809,0.0086
PDGFA,PDGFRA,B cell,Fibroblast,0.0333,0.253,0.0084
TNF,TNFRSF1A,Tumor epithelial,Endothelial,0.0218,0.3849,0.0084
CD80,CTLA4,T cell,NK cell,0.0327,0.2552,0.0084
CXCL10,CXCR3,Endothelial,Myeloid/Macro,0.2335,0.0354,0.0083
CXCL10,CXCR3,NK cell,NK cell,0.0244,0.3417,0.0083
VEGFA,FLT1,Plasma cell,Unknown,0.1945,0.0423,0.0082
FAS,FASLG,Plasma cell,Endothelial,0.2273,0.0359,0.0082
CCL5,CCR5,Plasma cell,B cell,0.5908,0.0138,0.0081
CD274,PDCD1,B cell,Unknown,0.0297,0.2728,0.0081
FAS,FASLG,Mast cell,Mast cell,0.116,0.0702,0.0081
CD80,CTLA4,Endothelial,Endothelial,0.0501,0.1583,0.0079
FAS,FASLG,Unknown,Fibroblast,0.4983,0.0157,0.0078
TNF,TNFRSF1A,T cell,Mast cell,0.3347,0.0234,0.0078
DLL1,NOTCH1,Myeloid/Macro,Plasma cell,0.0621,0.1254,0.0078
IL6,IL6R,Myeloid/Macro,Plasma cell,0.0441,0.174,0.0077
CXCL10,CXCR3,NK cell,T cell,0.0244,0.3149,0.0077
CD274,PDCD1,NK cell,Unknown,0.0277,0.2728,0.0076
FAS,FASLG,Mast cell,Unknown,0.116,0.0658,0.0076
VEGFA,KDR,Plasma cell,Tumor epithelial,0.1945,0.0392,0.0076
FAS,FASLG,Myeloid/Macro,Mast cell,0.1081,0.0702,0.0076
CD274,PDCD1,Endothelial,B cell,0.1159,0.0652,0.0076
IL6,IL6R,Unknown,Dendritic cell,0.0675,0.1114,0.0075
CXCL12,CXCR4,Unknown,Fibroblast,0.0097,0.7732,0.0075
CCL2,CCR2,Endothelial,T cell,1.253,0.006,0.0075
DLL1,NOTCH1,Myeloid/Macro,Dendritic cell,0.0621,0.1206,0.0075
FAS,FASLG,Fibroblast,Plasma cell,0.1933,0.039,0.0075
CD80,CTLA4,Unknown,Endothelial,0.0464,0.1583,0.0074
TNF,TNFRSF1A,Plasma cell,T cell,0.1006,0.0734,0.0074
CD80,CTLA4,Fibroblast,Unknown,0.0249,0.2928,0.0073
TNF,TNFRSF1A,Plasma cell,Plasma cell,0.1006,0.0714,0.0072
VEGFA,FLT1,Fibroblast,Plasma cell,0.6013,0.0119,0.0072
CXCL10,CXCR3,B cell,Dendritic cell,0.0402,0.1792,0.0072
CD274,PDCD1,T cell,Plasma cell,0.0486,0.1477,0.0072
CCL5,CCR5,Fibroblast,B cell,0.5149,0.0138,0.0071
FAS,FASLG,Myeloid/Macro,Unknown,0.1081,0.0658,0.0071
IL6,IL6R,B cell,Endothelial,0.0548,0.1283,0.007
FAS,FASLG,T cell,Fibroblast,0.4467,0.0157,0.007
CD274,PDCD1,Tumor epithelial,Endothelial,0.0707,0.0995,0.007
CD80,CTLA4,Myeloid/Macro,Myeloid/Macro,0.1291,0.0541,0.007
CCL2,CCR2,Fibroblast,T cell,1.162,0.006,0.007
CCL2,CCR2,Myeloid/Macro,Plasma cell,0.1806,0.0388,0.007
FAS,FASLG,Fibroblast,Endothelial,0.1933,0.0359,0.0069
IL6,IL6R,Fibroblast,NK cell,0.4471,0.0155,0.0069
CCL2,CCR2,Endothelial,Myeloid/Macro,1.253,0.0055,0.0069
CD80,CTLA4,Endothelial,Plasma cell,0.0501,0.1364,0.0068
CCL5,CCR5,Tumor epithelial,T cell,0.0737,0.0921,0.0068
CCL5,CCR5,Dendritic cell,T cell,0.0738,0.0921,0.0068
VEGFA,FLT1,Endothelial,Unknown,0.1592,0.0423,0.0067
CD274,PDCD1,Endothelial,Myeloid/Macro,0.1159,0.0575,0.0067
VEGFA,FLT1,Dendritic cell,Dendritic cell,0.0895,0.0751,0.0067
CCL5,CCR5,Unknown,Fibroblast,0.8071,0.0083,0.0067
DLL1,NOTCH1,B cell,Fibroblast,0.0332,0.1993,0.0066
CD80,CTLA4,B cell,Mast cell,0.1873,0.0349,0.0065
CD274,PDCD1,Endothelial,Mast cell,0.1159,0.056,0.0065
TNF,TNFRSF1A,Unknown,Mast cell,0.2774,0.0234,0.0065
CD274,PDCD1,Myeloid/Macro,Endothelial,0.0655,0.0995,0.0065
CD80,CTLA4,Mast cell,T cell,0.012,0.5394,0.0065
IL6,IL6R,Unknown,Fibroblast,0.0675,0.0968,0.0065
CD80,CTLA4,Fibroblast,NK cell,0.0249,0.2552,0.0064
CCL2,CCR2,Fibroblast,Myeloid/Macro,1.162,0.0055,0.0064
DLL1,NOTCH1,Endothelial,Tumor epithelial,0.1141,0.0564,0.0064
VEGFA,FLT1,Myeloid/Macro,Fibroblast,0.766,0.0083,0.0064
CD274,PDCD1,Tumor epithelial,Dendritic cell,0.0707,0.0906,0.0064
CD80,CTLA4,Unknown,Plasma cell,0.0464,0.1364,0.0063
CXCL10,CXCR3,B cell,Fibroblast,0.0402,0.1565,0.0063
CXCL10,CXCR3,B cell,Unknown,0.0402,0.1549,0.0062
CD274,PDCD1,Fibroblast,T cell,0.0118,0.5296,0.0062
CDH1,CDH1,T cell,Tumor epithelial,0.011,0.5612,0.0062
CDH1,CDH1,Tumor epithelial,T cell,0.5612,0.011,0.0062
VEGFA,KDR,Endothelial,Tumor epithelial,0.1592,0.0392,0.0062
CD274,PDCD1,Plasma cell,Plasma cell,0.041,0.1477,0.0061
IL6,IL6R,B cell,Dendritic cell,0.0548,0.1114,0.0061
CDH1,CDH1,Tumor epithelial,Myeloid/Macro,0.5612,0.0107,0.006
CDH1,CDH1,Myeloid/Macro,Tumor epithelial,0.0107,0.5612,0.006
CD274,PDCD1,Myeloid/Macro,Dendritic cell,0.0655,0.0906,0.0059
DLL1,NOTCH1,B cell,NK cell,0.0332,0.1766,0.0059
HGF,MET,Plasma cell,Tumor epithelial,0.0195,0.3018,0.0059
CXCL10,CXCR3,B cell,Plasma cell,0.0402,0.1431,0.0058
VEGFA,FLT1,Mast cell,T cell,1.1046,0.0053,0.0058
CCL5,CCR5,Dendritic cell,Myeloid/Macro,0.0738,0.0775,0.0057
TNF,TNFRSF1A,Endothelial,Unknown,0.0471,0.1213,0.0057
CCL5,CCR5,Tumor epithelial,Myeloid/Macro,0.0737,0.0775,0.0057
DLL1,NOTCH1,B cell,Mast cell,0.0332,0.1723,0.0057
IL6,IL6R,Myeloid/Macro,Endothelial,0.0441,0.1283,0.0057
VEGFA,KDR,Unknown,Endothelial,0.033,0.1706,0.0056
IL6,IL6R,Endothelial,B cell,0.2273,0.0248,0.0056
CXCL12,CXCR4,Mast cell,Mast cell,0.0123,0.4495,0.0055
VEGFA,FLT1,Unknown,Myeloid/Macro,0.033,0.1652,0.0055
CD274,PDCD1,Tumor epithelial,Fibroblast,0.0707,0.0781,0.0055
VEGFA,FLT1,Tumor epithelial,Plasma cell,0.4498,0.0119,0.0054
CCL5,CCR5,Tumor epithelial,NK cell,0.0737,0.0733,0.0054
CCL5,CCR5,Dendritic cell,NK cell,0.0738,0.0733,0.0054
TNF,TNFRSF1A,Dendritic cell,B cell,0.4539,0.0118,0.0054
IL6,IL6R,B cell,Fibroblast,0.0548,0.0968,0.0053
IL6,IL6R,Plasma cell,Plasma cell,0.0304,0.174,0.0053
PDGFA,PDGFRA,NK cell,Fibroblast,0.0208,0.253,0.0053
TNF,TNFRSF1A,Fibroblast,Mast cell,0.2258,0.0234,0.0053
CD80,CTLA4,T cell,Endothelial,0.0327,0.1583,0.0052
DLL1,NOTCH1,Fibroblast,Unknown,0.0197,0.2638,0.0052
CXCL10,CXCR3,B cell,B cell,0.0402,0.1297,0.0052
IL6,IL6R,Tumor epithelial,Plasma cell,0.03,0.174,0.0052
DLL1,NOTCH1,NK cell,Unknown,0.0198,0.2638,0.0052
IL6,IL6R,Unknown,Unknown,0.0675,0.0767,0.0052
TNF,TNFRSF1A,Endothelial,NK cell,0.0471,0.1107,0.0052
DLL1,NOTCH1,NK cell,Endothelial,0.0198,0.2611,0.0052
CD80,CTLA4,B cell,B cell,0.1873,0.0271,0.0051
FAS,FASLG,Tumor epithelial,T cell,0.0526,0.097,0.0051
DLL1,NOTCH1,Fibroblast,Endothelial,0.0197,0.2611,0.0051
CD274,PDCD1,Myeloid/Macro,Fibroblast,0.0655,0.0781,0.0051
CXCL12,CXCR4,Endothelial,Tumor epithelial,0.0569,0.0889,0.0051
VEGFA,FLT1,Fibroblast,Fibroblast,0.6013,0.0083,0.005
IL6,IL6R,Mast cell,Mast cell,0.0123,0.4018,0.005
CXCL12,CXCR4,Myeloid/Macro,Mast cell,0.0111,0.4495,0.005
IL6,IL6R,Myeloid/Macro,Dendritic cell,0.0441,0.1114,0.0049
IL6,IL6R,Unknown,Tumor epithelial,0.0675,0.072,0.0049
CCL5,CCR5,Plasma cell,Fibroblast,0.5908,0.0083,0.0049
DLL1,NOTCH1,B cell,B cell,0.0332,0.1467,0.0049
CD274,PDCD1,Dendritic cell,Plasma cell,0.0328,0.1477,0.0048
CD274,PDCD1,T cell,Endothelial,0.0486,0.0995,0.0048
DLL1,NOTCH1,B cell,T cell,0.0332,0.1445,0.0048
DLL1,NOTCH1,B cell,Myeloid/Macro,0.0332,0.142,0.0047
CD274,PDCD1,Tumor epithelial,B cell,0.0707,0.0652,0.0046
CXCL10,CXCR3,Endothelial,Tumor epithelial,0.2335,0.0197,0.0046
VEGFA,FLT1,Plasma cell,Mast cell,0.1945,0.0235,0.0046
TNF,TNFRSF1A,B cell,B cell,0.388,0.0118,0.0046
TNF,TNFRSF1A,Endothelial,Dendritic cell,0.0471,0.0947,0.0045
CD80,CTLA4,Myeloid/Macro,Mast cell,0.1291,0.0349,0.0045
CD80,CTLA4,T cell,Plasma cell,0.0327,0.1364,0.0045
CCL2,CCR2,Mast cell,Plasma cell,0.1167,0.0388,0.0045
FAS,FASLG,Mast cell,Plasma cell,0.116,0.039,0.0045
CXCL10,CXCR3,NK cell,Dendritic cell,0.0244,0.1792,0.0044
FAS,FASLG,NK cell,Fibroblast,0.2796,0.0157,0.0044
TNF,TNFRSF1A,NK cell,B cell,0.3704,0.0118,0.0044
CD274,PDCD1,T cell,Dendritic cell,0.0486,0.0906,0.0044
CCL5,CCR5,Myeloid/Macro,Unknown,0.2601,0.0169,0.0044
FAS,FASLG,Endothelial,Fibroblast,0.28,0.0157,0.0044
CD274,PDCD1,B cell,Plasma cell,0.0297,0.1477,0.0044
CDH1,CDH1,Fibroblast,Fibroblast,0.0665,0.0665,0.0044
CCL5,CCR5,Fibroblast,Fibroblast,0.5149,0.0083,0.0043
CD274,PDCD1,Myeloid/Macro,B cell,0.0655,0.0652,0.0043
CXCL12,CXCR4,Unknown,Mast cell,0.0097,0.4495,0.0043
IL6,IL6R,Myeloid/Macro,Fibroblast,0.0441,0.0968,0.0043
VEGFA,FLT1,Plasma cell,Tumor epithelial,0.1945,0.0214,0.0042
FAS,FASLG,Unknown,Myeloid/Macro,0.4983,0.0085,0.0042
FAS,FASLG,Mast cell,Endothelial,0.116,0.0359,0.0042
DLL1,NOTCH1,B cell,Plasma cell,0.0332,0.1254,0.0042
CCL5,CCR5,Mast cell,Unknown,0.2509,0.0169,0.0042
HGF,MET,Plasma cell,Endothelial,0.0195,0.2132,0.0042
IL6,IL6R,B cell,Unknown,0.0548,0.0767,0.0042
FAS,FASLG,Myeloid/Macro,Plasma cell,0.1081,0.039,0.0042
FAS,FASLG,B cell,Fibroblast,0.2583,0.0157,0.0041
CD274,PDCD1,Plasma cell,Endothelial,0.041,0.0995,0.0041
CD274,PDCD1,NK cell,Plasma cell,0.0277,0.1477,0.0041
CD274,PDCD1,Tumor epithelial,Myeloid/Macro,0.0707,0.0575,0.0041
FAS,FASLG,Dendritic cell,Fibroblast,0.2598,0.0157,0.0041
VEGFA,FLT1,Myeloid/Macro,T cell,0.766,0.0053,0.004
DLL1,NOTCH1,B cell,Dendritic cell,0.0332,0.1206,0.004
CD274,PDCD1,Tumor epithelial,Mast cell,0.0707,0.056,0.004
TNF,TNFRSF1A,T cell,B cell,0.3347,0.0118,0.004
IL6,IL6R,B cell,Tumor epithelial,0.0548,0.072,0.0039
PDGFA,PDGFRA,Mast cell,Endothelial,0.1504,0.0262,0.0039
PDGFA,PDGFRA,Endothelial,Endothelial,0.1487,0.0262,0.0039
IL6,IL6R,Tumor epithelial,Endothelial,0.03,0.1283,0.0039
CD274,PDCD1,Fibroblast,NK cell,0.0118,0.3303,0.0039
CD80,CTLA4,B cell,Fibroblast,0.1873,0.021,0.0039
DLL1,NOTCH1,Fibroblast,Fibroblast,0.0197,0.1993,0.0039
CXCL10,CXCR3,Myeloid/Macro,Endothelial,0.0967,0.04,0.0039
DLL1,NOTCH1,NK cell,Fibroblast,0.0198,0.1993,0.0039
FAS,FASLG,Myeloid/Macro,Endothelial,0.1081,0.0359,0.0039
CDH1,CDH1,Plasma cell,Fibroblast,0.0594,0.0665,0.0039
VEGFA,FLT1,Plasma cell,B cell,0.1945,0.02,0.0039
CDH1,CDH1,Fibroblast,Plasma cell,0.0665,0.0594,0.0039
CD80,CTLA4,Fibroblast,Endothelial,0.0249,0.1583,0.0039
CD80,CTLA4,Plasma cell,T cell,0.0072,0.5394,0.0039
IL6,IL6R,Plasma cell,Endothelial,0.0304,0.1283,0.0039
CDH1,CDH1,Tumor epithelial,B cell,0.5612,0.0068,0.0038
CDH1,CDH1,B cell,Tumor epithelial,0.0068,0.5612,0.0038
CD274,PDCD1,Myeloid/Macro,Myeloid/Macro,0.0655,0.0575,0.0038
CD274,PDCD1,T cell,Fibroblast,0.0486,0.0781,0.0038
CXCL10,CXCR3,NK cell,Unknown,0.0244,0.1549,0.0038
CXCL10,CXCR3,NK cell,Fibroblast,0.0244,0.1565,0.0038
FAS,FASLG,T cell,Myeloid/Macro,0.4467,0.0085,0.0038
CD274,PDCD1,Mast cell,Tumor epithelial,0.2372,0.0161,0.0038
VEGFA,FLT1,Dendritic cell,Unknown,0.0895,0.0423,0.0038
FAS,FASLG,Tumor epithelial,Mast cell,0.0526,0.0702,0.0037
IL6,IL6R,Unknown,T cell,0.0675,0.0543,0.0037
CD274,PDCD1,Myeloid/Macro,Mast cell,0.0655,0.056,0.0037
VEGFA,FLT1,Endothelial,Mast cell,0.1592,0.0235,0.0037
VEGFA,FLT1,Tumor epithelial,Fibroblast,0.4498,0.0083,0.0037
CD274,PDCD1,Plasma cell,Dendritic cell,0.041,0.0906,0.0037
TNF,TNFRSF1A,Myeloid/Macro,Mast cell,0.152,0.0234,0.0036
CCL5,CCR5,Myeloid/Macro,B cell,0.2601,0.0138,0.0036
CXCL10,CXCR3,Fibroblast,Endothelial,0.089,0.04,0.0036
FAS,FASLG,Plasma cell,Fibroblast,0.2273,0.0157,0.0036
TNF,TNFRSF1A,Endothelial,T cell,0.0471,0.0734,0.0035
CD80,CTLA4,Dendritic cell,Tumor epithelial,0.5365,0.0064,0.0035
CD80,CTLA4,Mast cell,Unknown,0.012,0.2928,0.0035
CCL5,CCR5,Mast cell,B cell,0.2509,0.0138,0.0035
CCL5,CCR5,B cell,Unknown,0.205,0.0169,0.0035
VEGFA,KDR,Dendritic cell,Tumor epithelial,0.0895,0.0392,0.0035
DLL1,NOTCH1,NK cell,NK cell,0.0198,0.1766,0.0035
CDH1,CDH1,Plasma cell,Plasma cell,0.0594,0.0594,0.0035
DLL1,NOTCH1,Fibroblast,NK cell,0.0197,0.1766,0.0035
FAS,FASLG,Tumor epithelial,Unknown,0.0526,0.0658,0.0035
CD80,CTLA4,Myeloid/Macro,B cell,0.1291,0.0271,0.0035
DLL1,NOTCH1,Myeloid/Macro,Tumor epithelial,0.0621,0.0564,0.0035
IL6,IL6R,Endothelial,NK cell,0.2273,0.0155,0.0035
CXCL10,CXCR3,NK cell,Plasma cell,0.0244,0.1431,0.0035
IL6,IL6R,Myeloid/Macro,Unknown,0.0441,0.0767,0.0034
VEGFA,FLT1,Endothelial,Tumor epithelial,0.1592,0.0214,0.0034
TNF,TNFRSF1A,Endothelial,Plasma cell,0.0471,0.0714,0.0034
DLL1,NOTCH1,Fibroblast,Mast cell,0.0197,0.1723,0.0034
CD80,CTLA4,Fibroblast,Plasma cell,0.0249,0.1364,0.0034
DLL1,NOTCH1,NK cell,Mast cell,0.0198,0.1723,0.0034
CXCL10,CXCR3,Myeloid/Macro,Myeloid/Macro,0.0967,0.0354,0.0034
IL6,IL6R,Plasma cell,Dendritic cell,0.0304,0.1114,0.0034
CXCL10,CXCR3,Plasma cell,Endothelial,0.0853,0.04,0.0034
IL6,IL6R,Tumor epithelial,Dendritic cell,0.03,0.1114,0.0033
CD274,PDCD1,Dendritic cell,Endothelial,0.0328,0.0995,0.0033
TNF,TNFRSF1A,Unknown,B cell,0.2774,0.0118,0.0033
CD274,PDCD1,Fibroblast,Unknown,0.0118,0.2728,0.0032
CXCL10,CXCR3,NK cell,B cell,0.0244,0.1297,0.0032
CXCL10,CXCR3,Fibroblast,Myeloid/Macro,0.089,0.0354,0.0032
VEGFA,FLT1,Endothelial,B cell,0.1592,0.02,0.0032
CD274,PDCD1,Plasma cell,Fibroblast,0.041,0.0781,0.0032
VEGFA,FLT1,Fibroblast,T cell,0.6013,0.0053,0.0032
CD274,PDCD1,T cell,B cell,0.0486,0.0652,0.0032
IL6,IL6R,Myeloid/Macro,Tumor epithelial,0.0441,0.072,0.0032
CCL2,CCR2,Tumor epithelial,Plasma cell,0.0789,0.0388,0.0031
CD80,CTLA4,Mast cell,NK cell,0.012,0.2552,0.0031
HGF,MET,Endothelial,Myeloid/Macro,0.0551,0.057,0.0031
FAS,FASLG,Fibroblast,Fibroblast,0.1933,0.0157,0.003
CD274,PDCD1,Dendritic cell,Dendritic cell,0.0328,0.0906,0.003
CXCL10,CXCR3,Plasma cell,Myeloid/Macro,0.0853,0.0354,0.003
IL6,IL6R,B cell,T cell,0.0548,0.0543,0.003
CD274,PDCD1,B cell,Endothelial,0.0297,0.0995,0.003
VEGFA,FLT1,B cell,Endothelial,0.0034,0.8809,0.003
IL6,IL6R,Tumor epithelial,Fibroblast,0.03,0.0968,0.0029
IL6,IL6R,Plasma cell,Fibroblast,0.0304,0.0968,0.0029
CCL2,CCR2,Unknown,Plasma cell,0.0751,0.0388,0.0029
DLL1,NOTCH1,NK cell,B cell,0.0198,0.1467,0.0029
DLL1,NOTCH1,NK cell,T cell,0.0198,0.1445,0.0029
TNF,TNFRSF1A,Mast cell,Mast cell,0.1258,0.0234,0.0029
DLL1,NOTCH1,Fibroblast,B cell,0.0197,0.1467,0.0029
CD274,PDCD1,T cell,Myeloid/Macro,0.0486,0.0575,0.0028
DLL1,NOTCH1,Fibroblast,Myeloid/Macro,0.0197,0.142,0.0028
DLL1,NOTCH1,NK cell,Myeloid/Macro,0.0198,0.142,0.0028
DLL1,NOTCH1,Fibroblast,T cell,0.0197,0.1445,0.0028
DLL1,NOTCH1,Plasma cell,Unknown,0.0105,0.2638,0.0028
CD274,PDCD1,NK cell,Endothelial,0.0277,0.0995,0.0028
CCL5,CCR5,B cell,B cell,0.205,0.0138,0.0028
CD274,PDCD1,B cell,Dendritic cell,0.0297,0.0906,0.0027
CD80,CTLA4,Myeloid/Macro,Fibroblast,0.1291,0.021,0.0027
CD274,PDCD1,Plasma cell,B cell,0.041,0.0652,0.0027
CD274,PDCD1,T cell,Mast cell,0.0486,0.056,0.0027
CD80,CTLA4,Endothelial,Myeloid/Macro,0.0501,0.0541,0.0027
DLL1,NOTCH1,Plasma cell,Endothelial,0.0105,0.2611,0.0027
TNF,TNFRSF1A,Fibroblast,B cell,0.2258,0.0118,0.0027
TNF,TNFRSF1A,Tumor epithelial,Unknown,0.0218,0.1213,0.0026
CXCL10,CXCR3,Tumor epithelial,Endothelial,0.066,0.04,0.0026
CD274,PDCD1,Dendritic cell,Fibroblast,0.0328,0.0781,0.0026
HGF,MET,Myeloid/Macro,Myeloid/Macro,0.0458,0.057,0.0026
HGF,MET,Endothelial,Plasma cell,0.0551,0.0446,0.0025
CD274,PDCD1,NK cell,Dendritic cell,0.0277,0.0906,0.0025
DLL1,NOTCH1,NK cell,Plasma cell,0.0198,0.1254,0.0025
CD80,CTLA4,Unknown,Myeloid/Macro,0.0464,0.0541,0.0025
VEGFA,FLT1,Unknown,Dendritic cell,0.033,0.0751,0.0025
DLL1,NOTCH1,Fibroblast,Plasma cell,0.0197,0.1254,0.0025
FAS,FASLG,NK cell,Myeloid/Macro,0.2796,0.0085,0.0024
DLL1,NOTCH1,NK cell,Dendritic cell,0.0198,0.1206,0.0024
CXCL10,CXCR3,Endothelial,Mast cell,0.2335,0.0102,0.0024
HGF,MET,Fibroblast,Mast cell,0.2072,0.0116,0.0024
CD274,PDCD1,Plasma cell,Myeloid/Macro,0.041,0.0575,0.0024
TNF,TNFRSF1A,Tumor epithelial,NK cell,0.0218,0.1107,0.0024
HGF,MET,Mast cell,Tumor epithelial,0.0079,0.3018,0.0024
FAS,FASLG,Endothelial,Myeloid/Macro,0.28,0.0085,0.0024
TNF,TNFRSF1A,Plasma cell,Mast cell,0.1006,0.0234,0.0024
IL6,IL6R,Myeloid/Macro,T cell,0.0441,0.0543,0.0024
VEGFA,FLT1,Tumor epithelial,T cell,0.4498,0.0053,0.0024
DLL1,NOTCH1,Fibroblast,Dendritic cell,0.0197,0.1206,0.0024
CD274,PDCD1,Plasma cell,Mast cell,0.041,0.056,0.0023
CXCL10,CXCR3,Tumor epithelial,Myeloid/Macro,0.066,0.0354,0.0023
HGF,MET,Fibroblast,Fibroblast,0.2072,0.0111,0.0023
IL6,IL6R,Tumor epithelial,Unknown,0.03,0.0767,0.0023
VEGFA,FLT1,Plasma cell,Plasma cell,0.1945,0.0119,0.0023
IL6,IL6R,Plasma cell,Unknown,0.0304,0.0767,0.0023
CD274,PDCD1,B cell,Fibroblast,0.0297,0.0781,0.0023
CD274,PDCD1,NK cell,Fibroblast,0.0277,0.0781,0.0022
CCL5,CCR5,Myeloid/Macro,Fibroblast,0.2601,0.0083,0.0022
PDGFA,PDGFRA,T cell,Fibroblast,0.0085,0.253,0.0022
IL6,IL6R,Plasma cell,Tumor epithelial,0.0304,0.072,0.0022
FAS,FASLG,B cell,Myeloid/Macro,0.2583,0.0085,0.0022
FAS,FASLG,Dendritic cell,Myeloid/Macro,0.2598,0.0085,0.0022
IL6,IL6R,Tumor epithelial,Tumor epithelial,0.03,0.072,0.0022
TNF,TNFRSF1A,Tumor epithelial,Dendritic cell,0.0218,0.0947,0.0021
DLL1,NOTCH1,Plasma cell,Fibroblast,0.0105,0.1993,0.0021
CD80,CTLA4,Plasma cell,Unknown,0.0072,0.2928,0.0021
VEGFA,FLT1,Dendritic cell,Mast cell,0.0895,0.0235,0.0021
IL6,IL6R,Mast cell,Plasma cell,0.0123,0.174,0.0021
CCL5,CCR5,Mast cell,Fibroblast,0.2509,0.0083,0.0021
CD274,PDCD1,Dendritic cell,B cell,0.0328,0.0652,0.0021
FAS,FASLG,Tumor epithelial,Plasma cell,0.0526,0.039,0.002
HGF,MET,Myeloid/Macro,Plasma cell,0.0458,0.0446,0.002
VEGFA,FLT1,Endothelial,Plasma cell,0.1592,0.0119,0.0019
CD274,PDCD1,B cell,B cell,0.0297,0.0652,0.0019
VEGFA,FLT1,Dendritic cell,Tumor epithelial,0.0895,0.0214,0.0019
CD80,CTLA4,Mast cell,Endothelial,0.012,0.1583,0.0019
DLL1,NOTCH1,B cell,Tumor epithelial,0.0332,0.0564,0.0019
FAS,FASLG,Tumor epithelial,Endothelial,0.0526,0.0359,0.0019
DLL1,NOTCH1,Plasma cell,NK cell,0.0105,0.1766,0.0019
FAS,FASLG,Plasma cell,Myeloid/Macro,0.2273,0.0085,0.0019
CD274,PDCD1,Dendritic cell,Myeloid/Macro,0.0328,0.0575,0.0019
CD274,PDCD1,Endothelial,Tumor epithelial,0.1159,0.0161,0.0019
CXCL10,CXCR3,Myeloid/Macro,Tumor epithelial,0.0967,0.0197,0.0019
FAS,FASLG,Mast cell,Fibroblast,0.116,0.0157,0.0018
CD80,CTLA4,T cell,Myeloid/Macro,0.0327,0.0541,0.0018
CD274,PDCD1,Dendritic cell,Mast cell,0.0328,0.056,0.0018
TNF,TNFRSF1A,Myeloid/Macro,B cell,0.152,0.0118,0.0018
CD274,PDCD1,NK cell,B cell,0.0277,0.0652,0.0018
DLL1,NOTCH1,Plasma cell,Mast cell,0.0105,0.1723,0.0018
CD80,CTLA4,Plasma cell,NK cell,0.0072,0.2552,0.0018
VEGFA,KDR,T cell,Endothelial,0.0104,0.1706,0.0018
CXCL10,CXCR3,Fibroblast,Tumor epithelial,0.089,0.0197,0.0018
WNT5A,FZD5,Tumor epithelial,Tumor epithelial,0.036,0.0506,0.0018
VEGFA,FLT1,Dendritic cell,B cell,0.0895,0.02,0.0018
CDH1,CDH1,Dendritic cell,Fibroblast,0.0252,0.0665,0.0017
IL6,IL6R,Unknown,B cell,0.0675,0.0248,0.0017
CDH1,CDH1,Unknown,Fibroblast,0.0256,0.0665,0.0017
CDH1,CDH1,Fibroblast,Unknown,0.0665,0.0256,0.0017
CDH1,CDH1,Fibroblast,Dendritic cell,0.0665,0.0252,0.0017
VEGFA,FLT1,T cell,Myeloid/Macro,0.0104,0.1652,0.0017
CXCL10,CXCR3,Plasma cell,Tumor epithelial,0.0853,0.0197,0.0017
VEGFA,KDR,NK cell,Endothelial,0.0097,0.1706,0.0017
CD274,PDCD1,B cell,Mast cell,0.0297,0.056,0.0017
CD274,PDCD1,B cell,Myeloid/Macro,0.0297,0.0575,0.0017
CD274,PDCD1,Fibroblast,Plasma cell,0.0118,0.1477,0.0017
FAS,FASLG,Myeloid/Macro,Fibroblast,0.1081,0.0157,0.0017
CCL5,CCR5,B cell,Fibroblast,0.205,0.0083,0.0017
HGF,MET,Mast cell,Endothelial,0.0079,0.2132,0.0017
WNT5A,FZD5,Dendritic cell,Tumor epithelial,0.0328,0.0506,0.0017
CD80,CTLA4,Endothelial,Mast cell,0.0501,0.0349,0.0017
TNF,TNFRSF1A,Tumor epithelial,Plasma cell,0.0218,0.0714,0.0016
CD274,PDCD1,NK cell,Mast cell,0.0277,0.056,0.0016
IL6,IL6R,Tumor epithelial,T cell,0.03,0.0543,0.0016
FAS,FASLG,Fibroblast,Myeloid/Macro,0.1933,0.0085,0.0016
IL6,IL6R,Plasma cell,T cell,0.0304,0.0543,0.0016
VEGFA,FLT1,Plasma cell,Fibroblast,0.1945,0.0083,0.0016
VEGFA,FLT1,NK cell,Myeloid/Macro,0.0097,0.1652,0.0016
CD274,PDCD1,NK cell,Myeloid/Macro,0.0277,0.0575,0.0016
IL6,IL6R,Mast cell,Endothelial,0.0123,0.1283,0.0016
TNF,TNFRSF1A,Tumor epithelial,T cell,0.0218,0.0734,0.0016
CD80,CTLA4,Mast cell,Plasma cell,0.012,0.1364,0.0016
CD80,CTLA4,Unknown,Mast cell,0.0464,0.0349,0.0016
CXCL10,CXCR3,B cell,Endothelial,0.0402,0.04,0.0016
CDH1,CDH1,Dendritic cell,Plasma cell,0.0252,0.0594,0.0015
CDH1,CDH1,Plasma cell,Dendritic cell,0.0594,0.0252,0.0015
CDH1,CDH1,Plasma cell,Unknown,0.0594,0.0256,0.0015
DLL1,NOTCH1,Plasma cell,Myeloid/Macro,0.0105,0.142,0.0015
DLL1,NOTCH1,Plasma cell,T cell,0.0105,0.1445,0.0015
DLL1,NOTCH1,Plasma cell,B cell,0.0105,0.1467,0.0015
TNF,TNFRSF1A,Mast cell,B cell,0.1258,0.0118,0.0015
CDH1,CDH1,Unknown,Plasma cell,0.0256,0.0594,0.0015
CCL2,CCR2,Plasma cell,Plasma cell,0.0351,0.0388,0.0014
CXCL10,CXCR3,B cell,Myeloid/Macro,0.0402,0.0354,0.0014
VEGFA,FLT1,Unknown,Unknown,0.033,0.0423,0.0014
CD80,CTLA4,Endothelial,B cell,0.0501,0.0271,0.0014
IL6,IL6R,B cell,B cell,0.0548,0.0248,0.0014
IL6,IL6R,Mast cell,Dendritic cell,0.0123,0.1114,0.0014
DLL1,NOTCH1,Tumor epithelial,Endothelial,0.0053,0.2611,0.0014
DLL1,NOTCH1,Tumor epithelial,Unknown,0.0053,0.2638,0.0014
CD80,CTLA4,Fibroblast,Myeloid/Macro,0.0249,0.0541,0.0014
HGF,MET,Fibroblast,T cell,0.2072,0.0063,0.0013
VEGFA,KDR,Unknown,Tumor epithelial,0.033,0.0392,0.0013
VEGFA,FLT1,Endothelial,Fibroblast,0.1592,0.0083,0.0013
CD80,CTLA4,Unknown,B cell,0.0464,0.0271,0.0013
CXCL10,CXCR3,Tumor epithelial,Tumor epithelial,0.066,0.0197,0.0013
DLL1,NOTCH1,Plasma cell,Plasma cell,0.0105,0.1254,0.0013
DLL1,NOTCH1,Plasma cell,Dendritic cell,0.0105,0.1206,0.0013
CD274,PDCD1,Fibroblast,Endothelial,0.0118,0.0995,0.0012
CCL5,CCR5,Tumor epithelial,Unknown,0.0737,0.0169,0.0012
CCL5,CCR5,Dendritic cell,Unknown,0.0738,0.0169,0.0012
IL6,IL6R,Mast cell,Fibroblast,0.0123,0.0968,0.0012
CD80,CTLA4,B cell,Tumor epithelial,0.1873,0.0064,0.0012
TNF,TNFRSF1A,Plasma cell,B cell,0.1006,0.0118,0.0012
PDGFA,PDGFRA,Tumor epithelial,Endothelial,0.0441,0.0262,0.0012
IL6,IL6R,Myeloid/Macro,B cell,0.0441,0.0248,0.0011
CD80,CTLA4,Endothelial,Fibroblast,0.0501,0.021,0.0011
CD80,CTLA4,Plasma cell,Endothelial,0.0072,0.1583,0.0011
TNF,TNFRSF1A,Endothelial,Mast cell,0.0471,0.0234,0.0011
HGF,MET,Plasma cell,Myeloid/Macro,0.0195,0.057,0.0011
DLL1,NOTCH1,NK cell,Tumor epithelial,0.0198,0.0564,0.0011
CXCL12,CXCR4,Mast cell,Tumor epithelial,0.0123,0.0889,0.0011
CCL2,CCR2,Myeloid/Macro,T cell,0.1806,0.006,0.0011
VEGFA,FLT1,Dendritic cell,Plasma cell,0.0895,0.0119,0.0011
CD274,PDCD1,Fibroblast,Dendritic cell,0.0118,0.0906,0.0011
CD274,PDCD1,Myeloid/Macro,Tumor epithelial,0.0655,0.0161,0.0011
CD274,PDCD1,Tumor epithelial,Tumor epithelial,0.0707,0.0161,0.0011
CD80,CTLA4,T cell,Mast cell,0.0327,0.0349,0.0011
DLL1,NOTCH1,Fibroblast,Tumor epithelial,0.0197,0.0564,0.0011
WNT5A,FZD5,Tumor epithelial,Plasma cell,0.036,0.0307,0.0011
IL6,IL6R,Unknown,NK cell,0.0675,0.0155,0.001
VEGFA,FLT1,Plasma cell,T cell,0.1945,0.0053,0.001
CCL5,CCR5,Tumor epithelial,B cell,0.0737,0.0138,0.001
CCL5,CCR5,Dendritic cell,B cell,0.0738,0.0138,0.001
DLL1,NOTCH1,Tumor epithelial,Fibroblast,0.0053,0.1993,0.001
CXCL12,CXCR4,Myeloid/Macro,Tumor epithelial,0.0111,0.0889,0.001
DLL1,NOTCH1,T cell,Unknown,0.0037,0.2638,0.001
FAS,FASLG,Mast cell,Myeloid/Macro,0.116,0.0085,0.001
WNT5A,FZD5,Dendritic cell,Plasma cell,0.0328,0.0307,0.001
PDGFA,PDGFRA,Unknown,Endothelial,0.0396,0.0262,0.001
CCL2,CCR2,Myeloid/Macro,Myeloid/Macro,0.1806,0.0055,0.001
PDGFA,PDGFRA,Fibroblast,Myeloid/Macro,0.3521,0.0027,0.001
DLL1,NOTCH1,T cell,Endothelial,0.0037,0.2611,0.001
CD80,CTLA4,Plasma cell,Plasma cell,0.0072,0.1364,0.001
CXCL10,CXCR3,NK cell,Endothelial,0.0244,0.04,0.001
CD80,CTLA4,Unknown,Fibroblast,0.0464,0.021,0.001
CXCL10,CXCR3,Myeloid/Macro,Mast cell,0.0967,0.0102,0.001
CD274,PDCD1,Fibroblast,Fibroblast,0.0118,0.0781,0.0009
IL6,IL6R,B cell,NK cell,0.0548,0.0155,0.0009
PDGFA,PDGFRA,Myeloid/Macro,Endothelial,0.0342,0.0262,0.0009
PDGFA,PDGFRA,B cell,Endothelial,0.0333,0.0262,0.0009
CD80,CTLA4,T cell,B cell,0.0327,0.0271,0.0009
CXCL10,CXCR3,Plasma cell,Mast cell,0.0853,0.0102,0.0009
CXCL10,CXCR3,Fibroblast,Mast cell,0.089,0.0102,0.0009
PDGFA,PDGFRA,Fibroblast,Tumor epithelial,0.3521,0.0026,0.0009
FAS,FASLG,Myeloid/Macro,Myeloid/Macro,0.1081,0.0085,0.0009
CXCL10,CXCR3,NK cell,Myeloid/Macro,0.0244,0.0354,0.0009
CXCL12,CXCR4,Unknown,Tumor epithelial,0.0097,0.0889,0.0009
DLL1,NOTCH1,Tumor epithelial,Mast cell,0.0053,0.1723,0.0009
DLL1,NOTCH1,Tumor epithelial,NK cell,0.0053,0.1766,0.0009
CD80,CTLA4,Fibroblast,Mast cell,0.0249,0.0349,0.0009
IL6,IL6R,Mast cell,Unknown,0.0123,0.0767,0.0009
HGF,MET,Plasma cell,Plasma cell,0.0195,0.0446,0.0009
IL6,IL6R,Mast cell,Tumor epithelial,0.0123,0.072,0.0009
DLL1,NOTCH1,Tumor epithelial,T cell,0.0053,0.1445,0.0008
DLL1,NOTCH1,Tumor epithelial,B cell,0.0053,0.1467,0.0008
CXCL10,CXCR3,B cell,Tumor epithelial,0.0402,0.0197,0.0008
VEGFA,FLT1,Endothelial,T cell,0.1592,0.0053,0.0008
IL6,IL6R,Plasma cell,B cell,0.0304,0.0248,0.0008
CD274,PDCD1,T cell,Tumor epithelial,0.0486,0.0161,0.0008
CD80,CTLA4,Myeloid/Macro,Tumor epithelial,0.1291,0.0064,0.0008
FAS,FASLG,Tumor epithelial,Fibroblast,0.0526,0.0157,0.0008
VEGFA,FLT1,Unknown,Mast cell,0.033,0.0235,0.0008
WNT5A,FZD5,Endothelial,Tumor epithelial,0.0163,0.0506,0.0008
CD274,PDCD1,Fibroblast,B cell,0.0118,0.0652,0.0008
VEGFA,FLT1,T cell,Dendritic cell,0.0104,0.0751,0.0008
DLL1,NOTCH1,Tumor epithelial,Plasma cell,0.0053,0.1254,0.0007
CDH1,CDH1,Unknown,Unknown,0.0256,0.0256,0.0007
DLL1,NOTCH1,Tumor epithelial,Myeloid/Macro,0.0053,0.142,0.0007
CDH1,CDH1,Fibroblast,Myeloid/Macro,0.0665,0.0107,0.0007
CDH1,CDH1,Fibroblast,T cell,0.0665,0.011,0.0007
CDH1,CDH1,Plasma cell,T cell,0.0594,0.011,0.0007
CD274,PDCD1,Plasma cell,Tumor epithelial,0.041,0.0161,0.0007
CDH1,CDH1,T cell,Fibroblast,0.011,0.0665,0.0007
DLL1,NOTCH1,T cell,Fibroblast,0.0037,0.1993,0.0007
CD80,CTLA4,Mast cell,Myeloid/Macro,0.012,0.0541,0.0007
CXCL10,CXCR3,Tumor epithelial,Mast cell,0.066,0.0102,0.0007
CD80,CTLA4,Fibroblast,B cell,0.0249,0.0271,0.0007
DLL1,NOTCH1,T cell,NK cell,0.0037,0.1766,0.0007
VEGFA,FLT1,Dendritic cell,Fibroblast,0.0895,0.0083,0.0007
IL6,IL6R,Myeloid/Macro,NK cell,0.0441,0.0155,0.0007
CD274,PDCD1,Fibroblast,Mast cell,0.0118,0.056,0.0007
CD80,CTLA4,T cell,Fibroblast,0.0327,0.021,0.0007
WNT5A,FZD5,Tumor epithelial,Myeloid/Macro,0.036,0.0189,0.0007
VEGFA,FLT1,NK cell,Dendritic cell,0.0097,0.0751,0.0007
IL6,IL6R,Tumor epithelial,B cell,0.03,0.0248,0.0007
VEGFA,FLT1,Unknown,Tumor epithelial,0.033,0.0214,0.0007
VEGFA,FLT1,Unknown,B cell,0.033,0.02,0.0007
CD274,PDCD1,Fibroblast,Myeloid/Macro,0.0118,0.0575,0.0007
CDH1,CDH1,Myeloid/Macro,Fibroblast,0.0107,0.0665,0.0007
IL6,IL6R,Mast cell,T cell,0.0123,0.0543,0.0007
CCL2,CCR2,Mast cell,T cell,0.1167,0.006,0.0007
CDH1,CDH1,T cell,Plasma cell,0.011,0.0594,0.0007
CDH1,CDH1,Unknown,Dendritic cell,0.0256,0.0252,0.0006
CDH1,CDH1,Plasma cell,Myeloid/Macro,0.0594,0.0107,0.0006
CDH1,CDH1,Dendritic cell,Dendritic cell,0.0252,0.0252,0.0006
DLL1,NOTCH1,Tumor epithelial,Dendritic cell,0.0053,0.1206,0.0006
CDH1,CDH1,Dendritic cell,Unknown,0.0252,0.0256,0.0006
CCL2,CCR2,Mast cell,Myeloid/Macro,0.1167,0.0055,0.0006
VEGFA,KDR,B cell,Endothelial,0.0034,0.1706,0.0006
HGF,MET,Endothelial,Fibroblast,0.0551,0.0111,0.0006
HGF,MET,Endothelial,Mast cell,0.0551,0.0116,0.0006
TNF,TNFRSF1A,Endothelial,B cell,0.0471,0.0118,0.0006
CCL5,CCR5,Dendritic cell,Fibroblast,0.0738,0.0083,0.0006
CCL5,CCR5,Tumor epithelial,Fibroblast,0.0737,0.0083,0.0006
WNT5A,FZD5,Dendritic cell,Myeloid/Macro,0.0328,0.0189,0.0006
WNT5A,FZD5,Tumor epithelial,Endothelial,0.036,0.0156,0.0006
WNT5A,FZD5,Myeloid/Macro,Tumor epithelial,0.0118,0.0506,0.0006
VEGFA,FLT1,B cell,Myeloid/Macro,0.0034,0.1652,0.0006
DLL1,NOTCH1,T cell,Mast cell,0.0037,0.1723,0.0006
DLL1,NOTCH1,Plasma cell,Tumor epithelial,0.0105,0.0564,0.0006
CDH1,CDH1,Myeloid/Macro,Plasma cell,0.0107,0.0594,0.0006
CCL2,CCR2,Unknown,T cell,0.0751,0.006,0.0005
HGF,MET,Mast cell,Myeloid/Macro,0.0079,0.057,0.0005
CD274,PDCD1,Dendritic cell,Tumor epithelial,0.0328,0.0161,0.0005
HGF,MET,Myeloid/Macro,Fibroblast,0.0458,0.0111,0.0005
TNF,TNFRSF1A,Tumor epithelial,Mast cell,0.0218,0.0234,0.0005
CD80,CTLA4,Fibroblast,Fibroblast,0.0249,0.021,0.0005
CCL2,CCR2,Tumor epithelial,T cell,0.0789,0.006,0.0005
DLL1,NOTCH1,T cell,Myeloid/Macro,0.0037,0.142,0.0005
DLL1,NOTCH1,T cell,Plasma cell,0.0037,0.1254,0.0005
WNT5A,FZD5,Dendritic cell,Endothelial,0.0328,0.0156,0.0005
CXCL10,CXCR3,NK cell,Tumor epithelial,0.0244,0.0197,0.0005
DLL1,NOTCH1,T cell,B cell,0.0037,0.1467,0.0005
CD274,PDCD1,B cell,Tumor epithelial,0.0297,0.0161,0.0005
PDGFA,PDGFRA,NK cell,Endothelial,0.0208,0.0262,0.0005
HGF,MET,Myeloid/Macro,Mast cell,0.0458,0.0116,0.0005
IL6,IL6R,Plasma cell,NK cell,0.0304,0.0155,0.0005
WNT5A,FZD5,Endothelial,Plasma cell,0.0163,0.0307,0.0005
VEGFA,FLT1,Dendritic cell,T cell,0.0895,0.0053,0.0005
IL6,IL6R,Tumor epithelial,NK cell,0.03,0.0155,0.0005
DLL1,NOTCH1,T cell,T cell,0.0037,0.1445,0.0005
CCL2,CCR2,B cell,Plasma cell,0.0121,0.0388,0.0005
CDH1,CDH1,B cell,Fibroblast,0.0068,0.0665,0.0004
CD274,PDCD1,NK cell,Tumor epithelial,0.0277,0.0161,0.0004
VEGFA,KDR,NK cell,Tumor epithelial,0.0097,0.0392,0.0004
VEGFA,KDR,T cell,Tumor epithelial,0.0104,0.0392,0.0004
FAS,FASLG,Tumor epithelial,Myeloid/Macro,0.0526,0.0085,0.0004
PDGFA,PDGFRA,Endothelial,Myeloid/Macro,0.1487,0.0027,0.0004
WNT5A,FZD5,Tumor epithelial,Mast cell,0.036,0.0108,0.0004
WNT5A,FZD5,Myeloid/Macro,Plasma cell,0.0118,0.0307,0.0004
VEGFA,FLT1,Unknown,Plasma cell,0.033,0.0119,0.0004
VEGFA,FLT1,NK cell,Unknown,0.0097,0.0423,0.0004
CD80,CTLA4,Plasma cell,Myeloid/Macro,0.0072,0.0541,0.0004
DLL1,NOTCH1,T cell,Dendritic cell,0.0037,0.1206,0.0004
PDGFA,PDGFRA,Mast cell,Tumor epithelial,0.1504,0.0026,0.0004
CCL2,CCR2,Unknown,Myeloid/Macro,0.0751,0.0055,0.0004
CD80,CTLA4,Mast cell,Mast cell,0.012,0.0349,0.0004
CDH1,CDH1,Fibroblast,B cell,0.0665,0.0068,0.0004
HGF,MET,Mast cell,Plasma cell,0.0079,0.0446,0.0004
CDH1,CDH1,Plasma cell,B cell,0.0594,0.0068,0.0004
CDH1,CDH1,B cell,Plasma cell,0.0068,0.0594,0.0004
WNT5A,FZD5,Dendritic cell,Mast cell,0.0328,0.0108,0.0004
PDGFA,PDGFRA,Mast cell,Myeloid/Macro,0.1504,0.0027,0.0004
CCL2,CCR2,Tumor epithelial,Myeloid/Macro,0.0789,0.0055,0.0004
VEGFA,FLT1,T cell,Unknown,0.0104,0.0423,0.0004
PDGFA,PDGFRA,Endothelial,Tumor epithelial,0.1487,0.0026,0.0004
CXCL10,CXCR3,B cell,Mast cell,0.0402,0.0102,0.0004
WNT5A,FZD5,Endothelial,Endothelial,0.0163,0.0156,0.0003
CDH1,CDH1,T cell,Dendritic cell,0.011,0.0252,0.0003
CDH1,CDH1,T cell,Unknown,0.011,0.0256,0.0003
TNF,TNFRSF1A,Tumor epithelial,B cell,0.0218,0.0118,0.0003
HGF,MET,Myeloid/Macro,T cell,0.0458,0.0063,0.0003
WNT5A,FZD5,Endothelial,Myeloid/Macro,0.0163,0.0189,0.0003
CD80,CTLA4,Mast cell,B cell,0.012,0.0271,0.0003
CD80,CTLA4,Plasma cell,Mast cell,0.0072,0.0349,0.0003
CD80,CTLA4,Endothelial,Tumor epithelial,0.0501,0.0064,0.0003
CDH1,CDH1,Myeloid/Macro,Unknown,0.0107,0.0256,0.0003
CDH1,CDH1,Myeloid/Macro,Dendritic cell,0.0107,0.0252,0.0003
IL6,IL6R,Mast cell,B cell,0.0123,0.0248,0.0003
CDH1,CDH1,Unknown,T cell,0.0256,0.011,0.0003
HGF,MET,Endothelial,T cell,0.0551,0.0063,0.0003
CCL2,CCR2,NK cell,Plasma cell,0.0076,0.0388,0.0003
CD80,CTLA4,Mast cell,Fibroblast,0.012,0.021,0.0003
DLL1,NOTCH1,Tumor epithelial,Tumor epithelial,0.0053,0.0564,0.0003
VEGFA,FLT1,Unknown,Fibroblast,0.033,0.0083,0.0003
VEGFA,FLT1,B cell,Dendritic cell,0.0034,0.0751,0.0003
CDH1,CDH1,Unknown,Myeloid/Macro,0.0256,0.0107,0.0003
CDH1,CDH1,Dendritic cell,T cell,0.0252,0.011,0.0003
CDH1,CDH1,Dendritic cell,Myeloid/Macro,0.0252,0.0107,0.0003
CD80,CTLA4,Unknown,Tumor epithelial,0.0464,0.0064,0.0003
CD274,PDCD1,Fibroblast,Tumor epithelial,0.0118,0.0161,0.0002
CD80,CTLA4,T cell,Tumor epithelial,0.0327,0.0064,0.0002
PDGFA,PDGFRA,T cell,Endothelial,0.0085,0.0262,0.0002
VEGFA,FLT1,Unknown,T cell,0.033,0.0053,0.0002
CDH1,CDH1,Unknown,B cell,0.0256,0.0068,0.0002
IL6,IL6R,Mast cell,NK cell,0.0123,0.0155,0.0002
CDH1,CDH1,B cell,Unknown,0.0068,0.0256,0.0002
CDH1,CDH1,B cell,Dendritic cell,0.0068,0.0252,0.0002
CCL2,CCR2,Plasma cell,T cell,0.0351,0.006,0.0002
VEGFA,FLT1,T cell,B cell,0.0104,0.02,0.0002
CCL2,CCR2,Plasma cell,Myeloid/Macro,0.0351,0.0055,0.0002
VEGFA,FLT1,T cell,Tumor epithelial,0.0104,0.0214,0.0002
HGF,MET,Plasma cell,Fibroblast,0.0195,0.0111,0.0002
HGF,MET,Plasma cell,Mast cell,0.0195,0.0116,0.0002
WNT5A,FZD5,Myeloid/Macro,Myeloid/Macro,0.0118,0.0189,0.0002
VEGFA,FLT1,NK cell,Tumor epithelial,0.0097,0.0214,0.0002
CD80,CTLA4,Plasma cell,Fibroblast,0.0072,0.021,0.0002
VEGFA,FLT1,T cell,Mast cell,0.0104,0.0235,0.0002
WNT5A,FZD5,Endothelial,Mast cell,0.0163,0.0108,0.0002
CDH1,CDH1,Dendritic cell,B cell,0.0252,0.0068,0.0002
VEGFA,FLT1,NK cell,B cell,0.0097,0.02,0.0002
VEGFA,FLT1,NK cell,Mast cell,0.0097,0.0235,0.0002
CD80,CTLA4,Plasma cell,B cell,0.0072,0.0271,0.0002
CD80,CTLA4,Fibroblast,Tumor epithelial,0.0249,0.0064,0.0002
DLL1,NOTCH1,T cell,Tumor epithelial,0.0037,0.0564,0.0002
CXCL10,CXCR3,NK cell,Mast cell,0.0244,0.0102,0.0002
WNT5A,FZD5,Myeloid/Macro,Endothelial,0.0118,0.0156,0.0002
VEGFA,FLT1,T cell,Plasma cell,0.0104,0.0119,1e-04
CD80,CTLA4,Mast cell,Tumor epithelial,0.012,0.0064,1e-04
CDH1,CDH1,B cell,T cell,0.0068,0.011,1e-04
CDH1,CDH1,B cell,Myeloid/Macro,0.0068,0.0107,1e-04
CDH1,CDH1,T cell,T cell,0.011,0.011,1e-04
HGF,MET,Plasma cell,T cell,0.0195,0.0063,1e-04
VEGFA,KDR,B cell,Tumor epithelial,0.0034,0.0392,1e-04
CDH1,CDH1,T cell,B cell,0.011,0.0068,1e-04
CDH1,CDH1,T cell,Myeloid/Macro,0.011,0.0107,1e-04
VEGFA,FLT1,NK cell,Fibroblast,0.0097,0.0083,1e-04
HGF,MET,Mast cell,Mast cell,0.0079,0.0116,1e-04
WNT5A,FZD5,Tumor epithelial,T cell,0.036,0.0027,1e-04
WNT5A,FZD5,Dendritic cell,T cell,0.0328,0.0027,1e-04
CCL2,CCR2,T cell,Plasma cell,0.0018,0.0388,1e-04
VEGFA,FLT1,T cell,T cell,0.0104,0.0053,1e-04
CDH1,CDH1,Myeloid/Macro,Myeloid/Macro,0.0107,0.0107,1e-04
PDGFA,PDGFRA,Unknown,Tumor epithelial,0.0396,0.0026,1e-04
CDH1,CDH1,Myeloid/Macro,B cell,0.0107,0.0068,1e-04
PDGFA,PDGFRA,Unknown,Myeloid/Macro,0.0396,0.0027,1e-04
CDH1,CDH1,Myeloid/Macro,T cell,0.0107,0.011,1e-04
VEGFA,FLT1,B cell,B cell,0.0034,0.02,1e-04
VEGFA,FLT1,B cell,Mast cell,0.0034,0.0235,1e-04
VEGFA,FLT1,NK cell,T cell,0.0097,0.0053,1e-04
WNT5A,FZD5,Dendritic cell,B cell,0.0328,0.0032,1e-04
CCL2,CCR2,B cell,T cell,0.0121,0.006,1e-04
WNT5A,FZD5,Tumor epithelial,B cell,0.036,0.0032,1e-04
WNT5A,FZD5,Myeloid/Macro,Mast cell,0.0118,0.0108,1e-04
WNT5A,FZD5,Endothelial,B cell,0.0163,0.0032,1e-04
PDGFA,PDGFRA,B cell,Tumor epithelial,0.0333,0.0026,1e-04
PDGFA,PDGFRA,NK cell,Myeloid/Macro,0.0208,0.0027,1e-04
PDGFA,PDGFRA,Tumor epithelial,Tumor epithelial,0.0441,0.0026,1e-04
CCL2,CCR2,B cell,Myeloid/Macro,0.0121,0.0055,1e-04
VEGFA,FLT1,NK cell,Plasma cell,0.0097,0.0119,1e-04
VEGFA,FLT1,B cell,Unknown,0.0034,0.0423,1e-04
VEGFA,FLT1,T cell,Fibroblast,0.0104,0.0083,1e-04
VEGFA,FLT1,B cell,Tumor epithelial,0.0034,0.0214,1e-04
PDGFA,PDGFRA,Myeloid/Macro,Myeloid/Macro,0.0342,0.0027,1e-04
PDGFA,PDGFRA,Myeloid/Macro,Tumor epithelial,0.0342,0.0026,1e-04
PDGFA,PDGFRA,B cell,Myeloid/Macro,0.0333,0.0027,1e-04
PDGFA,PDGFRA,NK cell,Tumor epithelial,0.0208,0.0026,1e-04
HGF,MET,Mast cell,Fibroblast,0.0079,0.0111,1e-04
PDGFA,PDGFRA,Tumor epithelial,Myeloid/Macro,0.0441,0.0027,1e-04
CCL2,CCR2,T cell,T cell,0.0018,0.006,0.0
CDH1,CDH1,B cell,B cell,0.0068,0.0068,0.0
HGF,MET,Mast cell,T cell,0.0079,0.0063,0.0
CCL2,CCR2,T cell,Myeloid/Macro,0.0018,0.0055,0.0
VEGFA,FLT1,B cell,T cell,0.0034,0.0053,0.0
VEGFA,FLT1,B cell,Plasma cell,0.0034,0.0119,0.0
VEGFA,FLT1,B cell,Fibroblast,0.0034,0.0083,0.0
CCL2,CCR2,NK cell,Myeloid/Macro,0.0076,0.0055,0.0
CCL2,CCR2,NK cell,T cell,0.0076,0.006,0.0
CD80,CTLA4,Plasma cell,Tumor epithelial,0.0072,0.0064,0.0
PDGFA,PDGFRA,T cell,Myeloid/Macro,0.0085,0.0027,0.0
WNT5A,FZD5,Myeloid/Macro,B cell,0.0118,0.0032,0.0
WNT5A,FZD5,Myeloid/Macro,T cell,0.0118,0.0027,0.0
PDGFA,PDGFRA,T cell,Tumor epithelial,0.0085,0.0026,0.0
WNT5A,FZD5,Endothelial,T cell,0.0163,0.0027,0.0
